host_feature_collection	host_feature	Azoarcus	Burkholderia	Candida	Chryseobacterium	Cutibacterium	Ensifer	Herbaspirillum	Ochrobactrum	Rhizobium
DoRothEA_VIPER	ARID3A	NA	NA	NA	NA	NA	NA	negative	positive	NA
DoRothEA_VIPER	ARNT	negative	NA	negative	NA	negative	NA	NA	positive	negative
DoRothEA_VIPER	ASCL1	NA	NA	NA	NA	positive	NA	NA	NA	NA
DoRothEA_VIPER	ATF1	NA	positive	NA	NA	NA	NA	NA	NA	NA
DoRothEA_VIPER	ATF2	positive	positive	NA	NA	NA	NA	negative	NA	NA
DoRothEA_VIPER	ATF3	NA	NA	NA	NA	positive	NA	NA	negative	NA
DoRothEA_VIPER	ATF4	NA	NA	negative	NA	negative	NA	NA	positive	NA
DoRothEA_VIPER	BACH1	negative	NA	negative	positive	negative	positive	NA	positive	NA
DoRothEA_VIPER	BACH2	positive	positive	NA	NA	NA	NA	negative	NA	positive
DoRothEA_VIPER	BATF	positive	positive	positive	NA	positive	NA	negative	NA	positive
DoRothEA_VIPER	BCL11A	positive	positive	NA	NA	NA	NA	negative	NA	NA
DoRothEA_VIPER	BCL6	NA	NA	NA	NA	NA	NA	positive	NA	NA
DoRothEA_VIPER	BHLHE22	negative	NA	NA	NA	NA	NA	NA	NA	NA
DoRothEA_VIPER	BHLHE40	positive	NA	positive	NA	positive	NA	NA	negative	NA
DoRothEA_VIPER	CEBPA	NA	positive	NA	NA	NA	NA	NA	NA	positive
DoRothEA_VIPER	CEBPB	NA	positive	NA	NA	NA	NA	NA	NA	NA
DoRothEA_VIPER	CEBPG	NA	positive	NA	NA	positive	negative	NA	negative	NA
DoRothEA_VIPER	CLOCK	NA	positive	NA	NA	NA	negative	NA	NA	NA
DoRothEA_VIPER	CREB3	NA	negative	NA	NA	NA	NA	NA	NA	NA
DoRothEA_VIPER	CREB3L1	negative	NA	negative	NA	negative	NA	NA	positive	NA
DoRothEA_VIPER	CTCF	NA	positive	NA	NA	NA	NA	NA	NA	NA
DoRothEA_VIPER	CTCFL	negative	NA	negative	NA	negative	NA	NA	positive	negative
DoRothEA_VIPER	CUX1	NA	positive	NA	negative	NA	NA	NA	NA	NA
DoRothEA_VIPER	DUX4	positive	positive	positive	NA	positive	negative	NA	negative	positive
DoRothEA_VIPER	E2F1	positive	positive	positive	NA	NA	negative	NA	NA	NA
DoRothEA_VIPER	E2F4	NA	NA	NA	NA	NA	positive	NA	NA	NA
DoRothEA_VIPER	E2F6	positive	NA	positive	NA	positive	NA	NA	negative	NA
DoRothEA_VIPER	E2F7	NA	negative	negative	NA	negative	NA	NA	NA	NA
DoRothEA_VIPER	EBF1	NA	NA	NA	NA	NA	NA	negative	NA	NA
DoRothEA_VIPER	EHF	negative	negative	NA	NA	NA	NA	NA	positive	NA
DoRothEA_VIPER	ELF1	NA	NA	negative	NA	NA	NA	NA	positive	NA
DoRothEA_VIPER	ELK1	NA	NA	NA	NA	NA	NA	negative	NA	NA
DoRothEA_VIPER	EOMES	positive	positive	positive	NA	positive	negative	NA	negative	positive
DoRothEA_VIPER	ETS1	positive	positive	NA	NA	NA	NA	negative	NA	positive
DoRothEA_VIPER	ETS2	NA	positive	NA	NA	NA	NA	NA	NA	NA
DoRothEA_VIPER	ETV1	positive	positive	positive	NA	positive	negative	NA	NA	positive
DoRothEA_VIPER	ETV4	positive	NA	NA	NA	NA	NA	NA	NA	NA
DoRothEA_VIPER	FOS	NA	NA	negative	NA	NA	NA	NA	NA	NA
DoRothEA_VIPER	FOXJ2	positive	positive	positive	NA	NA	negative	NA	negative	NA
DoRothEA_VIPER	FOXK2	negative	negative	negative	NA	negative	positive	NA	positive	negative
DoRothEA_VIPER	FOXL2	NA	NA	NA	NA	negative	NA	NA	NA	NA
DoRothEA_VIPER	FOXM1	positive	positive	positive	NA	positive	NA	NA	negative	positive
DoRothEA_VIPER	FOXO1	positive	positive	positive	NA	positive	NA	NA	NA	positive
DoRothEA_VIPER	FOXO3	NA	NA	NA	NA	NA	NA	negative	NA	NA
DoRothEA_VIPER	GABPA	NA	NA	NA	NA	NA	NA	NA	negative	NA
DoRothEA_VIPER	GATA3	positive	positive	positive	NA	positive	negative	NA	negative	positive
DoRothEA_VIPER	GATA6	NA	NA	NA	NA	positive	negative	NA	negative	NA
DoRothEA_VIPER	GFI1B	negative	NA	negative	NA	negative	NA	NA	positive	negative
DoRothEA_VIPER	GLI2	NA	NA	NA	NA	negative	NA	NA	positive	NA
DoRothEA_VIPER	GRHL2	negative	negative	negative	NA	negative	NA	NA	positive	negative
DoRothEA_VIPER	HBP1	negative	NA	negative	NA	negative	NA	NA	positive	negative
DoRothEA_VIPER	HNF1B	NA	NA	NA	negative	positive	negative	NA	negative	positive
DoRothEA_VIPER	HNF4A	NA	positive	NA	NA	NA	negative	NA	negative	NA
DoRothEA_VIPER	HNF4G	NA	positive	NA	NA	NA	negative	NA	NA	NA
DoRothEA_VIPER	HOXA9	NA	NA	NA	NA	NA	negative	NA	negative	NA
DoRothEA_VIPER	HOXB13	positive	positive	NA	NA	positive	negative	NA	negative	NA
DoRothEA_VIPER	IKZF1	positive	positive	positive	NA	positive	NA	negative	negative	NA
DoRothEA_VIPER	IRF1	positive	positive	NA	NA	positive	NA	NA	NA	NA
DoRothEA_VIPER	IRF2	positive	positive	NA	NA	positive	NA	NA	NA	NA
DoRothEA_VIPER	IRF3	negative	NA	negative	NA	negative	positive	NA	positive	negative
DoRothEA_VIPER	IRF4	positive	positive	positive	NA	positive	NA	NA	NA	NA
DoRothEA_VIPER	JUNB	NA	NA	negative	NA	negative	NA	NA	positive	negative
DoRothEA_VIPER	JUND	NA	NA	negative	NA	NA	positive	NA	NA	NA
DoRothEA_VIPER	KDM5B	negative	negative	negative	NA	negative	NA	NA	positive	negative
DoRothEA_VIPER	KLF1	negative	NA	negative	NA	negative	NA	NA	positive	negative
DoRothEA_VIPER	KLF13	positive	NA	positive	NA	positive	negative	NA	negative	positive
DoRothEA_VIPER	KLF5	negative	negative	negative	NA	NA	NA	NA	positive	negative
DoRothEA_VIPER	KLF6	NA	NA	NA	NA	negative	NA	NA	positive	NA
DoRothEA_VIPER	KLF9	NA	NA	negative	NA	negative	NA	NA	positive	NA
DoRothEA_VIPER	LEF1	NA	NA	NA	negative	NA	NA	NA	NA	NA
DoRothEA_VIPER	LYL1	positive	positive	positive	NA	NA	NA	negative	NA	NA
DoRothEA_VIPER	MAF	NA	NA	NA	NA	NA	NA	negative	NA	NA
DoRothEA_VIPER	MAFB	positive	positive	NA	NA	NA	negative	NA	NA	NA
DoRothEA_VIPER	MAFF	NA	NA	positive	NA	positive	negative	NA	negative	NA
DoRothEA_VIPER	MAX	NA	positive	NA	NA	NA	NA	NA	NA	NA
DoRothEA_VIPER	MAZ	NA	NA	NA	NA	NA	NA	negative	positive	NA
DoRothEA_VIPER	MBD1	positive	NA	positive	NA	positive	negative	NA	negative	positive
DoRothEA_VIPER	MBD2	NA	NA	negative	NA	negative	positive	NA	positive	NA
DoRothEA_VIPER	MEF2A	positive	positive	positive	NA	positive	negative	negative	negative	positive
DoRothEA_VIPER	MEF2B	NA	NA	NA	NA	positive	NA	NA	NA	NA
DoRothEA_VIPER	MEF2C	positive	positive	positive	NA	positive	NA	NA	negative	positive
DoRothEA_VIPER	MEIS1	NA	NA	NA	NA	NA	negative	NA	negative	NA
DoRothEA_VIPER	MEIS2	NA	NA	NA	NA	NA	negative	NA	negative	NA
DoRothEA_VIPER	MITF	positive	NA	NA	NA	positive	negative	negative	negative	NA
DoRothEA_VIPER	MNT	positive	NA	positive	NA	positive	NA	NA	negative	positive
DoRothEA_VIPER	MXI1	positive	NA	positive	NA	positive	NA	NA	negative	positive
DoRothEA_VIPER	MYC	NA	NA	NA	NA	NA	NA	NA	NA	positive
DoRothEA_VIPER	MYOD1	NA	NA	NA	NA	NA	negative	NA	NA	NA
DoRothEA_VIPER	NANOG	positive	positive	positive	NA	positive	NA	NA	negative	NA
DoRothEA_VIPER	NCOA3	NA	NA	NA	NA	NA	NA	NA	negative	NA
DoRothEA_VIPER	NFATC1	positive	positive	positive	NA	positive	NA	negative	negative	NA
DoRothEA_VIPER	NFE2	NA	NA	NA	NA	NA	NA	negative	NA	NA
DoRothEA_VIPER	NFIC	NA	positive	NA	NA	NA	NA	NA	NA	positive
DoRothEA_VIPER	NFKB1	positive	positive	NA	NA	NA	NA	negative	NA	positive
DoRothEA_VIPER	NFKB2	NA	NA	NA	NA	NA	NA	positive	negative	NA
DoRothEA_VIPER	NFYB	positive	positive	positive	NA	positive	NA	NA	NA	positive
DoRothEA_VIPER	NR2C2	NA	negative	NA	NA	NA	positive	NA	NA	NA
DoRothEA_VIPER	NR2F1	NA	negative	NA	NA	negative	NA	NA	NA	negative
DoRothEA_VIPER	NR4A1	NA	NA	NA	NA	NA	NA	negative	NA	NA
DoRothEA_VIPER	NRF1	NA	NA	negative	NA	negative	NA	NA	positive	negative
DoRothEA_VIPER	ONECUT1	NA	NA	positive	NA	positive	negative	NA	negative	positive
DoRothEA_VIPER	OTX2	positive	positive	positive	NA	positive	negative	NA	negative	NA
DoRothEA_VIPER	PAX5	positive	positive	NA	NA	NA	NA	negative	NA	NA
DoRothEA_VIPER	PBX2	NA	positive	NA	NA	NA	NA	NA	NA	NA
DoRothEA_VIPER	PBX3	positive	positive	positive	NA	NA	NA	NA	NA	NA
DoRothEA_VIPER	PDX1	positive	positive	positive	NA	positive	negative	NA	negative	positive
DoRothEA_VIPER	PKNOX1	NA	positive	NA	NA	NA	NA	NA	NA	NA
DoRothEA_VIPER	POU2F1	positive	positive	positive	NA	positive	NA	NA	NA	positive
DoRothEA_VIPER	POU4F2	positive	positive	positive	NA	positive	negative	NA	negative	positive
DoRothEA_VIPER	POU5F1	positive	NA	NA	NA	NA	negative	NA	negative	NA
DoRothEA_VIPER	PPARG	positive	NA	NA	NA	NA	NA	negative	NA	NA
DoRothEA_VIPER	PRDM1	NA	NA	NA	NA	positive	negative	NA	negative	positive
DoRothEA_VIPER	RBPJ	positive	positive	NA	NA	NA	NA	negative	NA	NA
DoRothEA_VIPER	REL	NA	negative	NA	NA	NA	NA	NA	NA	NA
DoRothEA_VIPER	RELA	positive	positive	NA	NA	NA	NA	negative	NA	positive
DoRothEA_VIPER	RFX1	NA	NA	negative	NA	NA	NA	NA	NA	negative
DoRothEA_VIPER	RFX2	NA	negative	negative	NA	negative	NA	NA	NA	NA
DoRothEA_VIPER	RUNX1	positive	positive	NA	NA	NA	NA	negative	NA	NA
DoRothEA_VIPER	SIX5	negative	NA	negative	NA	negative	NA	NA	positive	negative
DoRothEA_VIPER	SMAD1	positive	positive	NA	negative	positive	NA	NA	NA	positive
DoRothEA_VIPER	SMAD4	NA	NA	positive	NA	NA	negative	NA	negative	NA
DoRothEA_VIPER	SNAI2	positive	NA	positive	NA	positive	NA	NA	negative	positive
DoRothEA_VIPER	SNAPC4	negative	NA	negative	NA	negative	positive	NA	positive	negative
DoRothEA_VIPER	SOX10	positive	positive	NA	NA	positive	negative	NA	negative	NA
DoRothEA_VIPER	SOX11	NA	positive	NA	NA	positive	negative	NA	negative	NA
DoRothEA_VIPER	SOX13	NA	NA	NA	NA	NA	negative	NA	NA	NA
DoRothEA_VIPER	SOX6	positive	positive	positive	NA	positive	negative	NA	negative	positive
DoRothEA_VIPER	SP1	NA	negative	negative	NA	negative	NA	NA	positive	NA
DoRothEA_VIPER	SP2	NA	positive	NA	NA	NA	NA	NA	NA	NA
DoRothEA_VIPER	SP3	NA	NA	NA	NA	NA	NA	NA	negative	NA
DoRothEA_VIPER	SP4	NA	positive	NA	negative	positive	negative	NA	NA	NA
DoRothEA_VIPER	SPI1	positive	positive	positive	NA	positive	negative	negative	negative	positive
DoRothEA_VIPER	SPIB	positive	positive	NA	NA	positive	NA	negative	negative	NA
DoRothEA_VIPER	SREBF1	NA	NA	NA	NA	NA	NA	NA	NA	positive
DoRothEA_VIPER	STAT1	positive	positive	positive	NA	positive	NA	NA	negative	NA
DoRothEA_VIPER	STAT3	NA	positive	NA	NA	NA	negative	NA	NA	NA
DoRothEA_VIPER	STAT5A	positive	positive	positive	NA	positive	NA	NA	negative	positive
DoRothEA_VIPER	STAT5B	positive	positive	positive	NA	positive	negative	NA	negative	positive
DoRothEA_VIPER	TBP	NA	NA	negative	NA	negative	NA	NA	NA	negative
DoRothEA_VIPER	TBX21	positive	positive	NA	NA	positive	NA	negative	NA	positive
DoRothEA_VIPER	TCF3	NA	positive	NA	NA	NA	NA	negative	NA	NA
DoRothEA_VIPER	TCF4	NA	NA	NA	NA	NA	negative	NA	negative	NA
DoRothEA_VIPER	TCF7	positive	positive	positive	NA	positive	NA	NA	negative	NA
DoRothEA_VIPER	TCF7L2	NA	NA	NA	negative	NA	NA	NA	NA	NA
DoRothEA_VIPER	TEAD1	NA	NA	NA	NA	NA	NA	positive	NA	NA
DoRothEA_VIPER	TEAD4	negative	negative	negative	NA	negative	NA	positive	positive	negative
DoRothEA_VIPER	TFAP2A	NA	NA	NA	NA	NA	negative	NA	NA	NA
DoRothEA_VIPER	TFAP2C	NA	negative	NA	NA	NA	NA	NA	NA	NA
DoRothEA_VIPER	TFAP4	negative	NA	negative	NA	negative	NA	NA	positive	negative
DoRothEA_VIPER	TGIF2	NA	NA	NA	NA	NA	NA	NA	negative	NA
DoRothEA_VIPER	TP53	NA	NA	negative	NA	NA	NA	NA	positive	NA
DoRothEA_VIPER	TP63	negative	negative	negative	NA	negative	positive	NA	positive	negative
DoRothEA_VIPER	TP73	NA	NA	NA	NA	NA	NA	NA	positive	NA
DoRothEA_VIPER	TWIST1	NA	NA	NA	NA	negative	NA	NA	positive	NA
DoRothEA_VIPER	USF1	NA	NA	NA	NA	NA	NA	NA	negative	NA
DoRothEA_VIPER	USF2	NA	NA	NA	NA	NA	NA	negative	NA	positive
DoRothEA_VIPER	VDR	negative	NA	NA	NA	negative	NA	NA	positive	negative
DoRothEA_VIPER	WT1	positive	positive	positive	NA	positive	NA	NA	NA	positive
DoRothEA_VIPER	XBP1	positive	positive	NA	NA	NA	negative	NA	NA	NA
DoRothEA_VIPER	ZBED1	NA	NA	NA	NA	NA	positive	NA	positive	NA
DoRothEA_VIPER	ZBTB11	positive	NA	positive	NA	positive	NA	NA	negative	positive
DoRothEA_VIPER	ZBTB7A	NA	NA	positive	NA	positive	NA	NA	negative	NA
DoRothEA_VIPER	ZEB1	NA	NA	NA	NA	NA	NA	NA	negative	NA
DoRothEA_VIPER	ZEB2	negative	negative	negative	NA	negative	positive	positive	positive	negative
DoRothEA_VIPER	ZFX	positive	positive	NA	NA	positive	NA	NA	NA	NA
DoRothEA_VIPER	ZKSCAN1	negative	NA	negative	NA	NA	NA	NA	positive	negative
DoRothEA_VIPER	ZNF24	positive	positive	positive	NA	positive	NA	negative	negative	positive
DoRothEA_VIPER	ZNF263	NA	NA	positive	NA	NA	NA	NA	negative	NA
DoRothEA_VIPER	ZNF274	NA	NA	NA	NA	negative	positive	NA	positive	NA
DoRothEA_VIPER	ZNF384	negative	NA	negative	NA	NA	NA	NA	positive	negative
DoRothEA_VIPER	ZNF639	negative	NA	negative	NA	negative	NA	NA	positive	NA
DoRothEA_VIPER	ZNF740	negative	NA	negative	NA	negative	positive	NA	positive	NA
MSigDB_Hallmark	HALLMARK_ALLOGRAFT_REJECTION	positive	positive	positive	NA	positive	NA	negative	negative	positive
MSigDB_Hallmark	HALLMARK_ANDROGEN_RESPONSE	NA	NA	NA	NA	NA	NA	NA	negative	positive
MSigDB_Hallmark	HALLMARK_ANGIOGENESIS	NA	positive	NA	NA	NA	NA	NA	NA	NA
MSigDB_Hallmark	HALLMARK_APICAL_SURFACE	NA	NA	negative	NA	NA	NA	NA	NA	NA
MSigDB_Hallmark	HALLMARK_APOPTOSIS	positive	positive	NA	NA	NA	NA	negative	NA	NA
MSigDB_Hallmark	HALLMARK_BILE_ACID_METABOLISM	NA	positive	positive	NA	positive	negative	NA	negative	positive
MSigDB_Hallmark	HALLMARK_COMPLEMENT	positive	positive	positive	NA	positive	NA	negative	negative	positive
MSigDB_Hallmark	HALLMARK_DNA_REPAIR	NA	NA	NA	NA	NA	positive	NA	NA	NA
MSigDB_Hallmark	HALLMARK_E2F_TARGETS	NA	negative	NA	NA	NA	positive	NA	NA	NA
MSigDB_Hallmark	HALLMARK_EPITHELIAL_MESENCHYMAL_TRANSITION	positive	NA	NA	NA	NA	NA	NA	NA	NA
MSigDB_Hallmark	HALLMARK_FATTY_ACID_METABOLISM	NA	NA	NA	NA	NA	NA	NA	NA	positive
MSigDB_Hallmark	HALLMARK_G2M_CHECKPOINT	NA	negative	negative	NA	NA	positive	NA	NA	NA
MSigDB_Hallmark	HALLMARK_GLYCOLYSIS	negative	negative	NA	NA	negative	NA	NA	NA	NA
MSigDB_Hallmark	HALLMARK_HEDGEHOG_SIGNALING	NA	positive	NA	NA	NA	NA	NA	NA	NA
MSigDB_Hallmark	HALLMARK_HEME_METABOLISM	positive	positive	positive	NA	positive	negative	NA	negative	positive
MSigDB_Hallmark	HALLMARK_HYPOXIA	NA	NA	NA	NA	negative	NA	NA	positive	NA
MSigDB_Hallmark	HALLMARK_IL2_STAT5_SIGNALING	positive	positive	positive	NA	positive	NA	negative	NA	positive
MSigDB_Hallmark	HALLMARK_IL6_JAK_STAT3_SIGNALING	positive	positive	NA	NA	NA	NA	negative	NA	positive
MSigDB_Hallmark	HALLMARK_INFLAMMATORY_RESPONSE	positive	positive	NA	NA	NA	NA	negative	NA	positive
MSigDB_Hallmark	HALLMARK_INTERFERON_ALPHA_RESPONSE	NA	positive	NA	NA	positive	NA	NA	NA	NA
MSigDB_Hallmark	HALLMARK_INTERFERON_GAMMA_RESPONSE	positive	positive	NA	NA	positive	NA	negative	NA	NA
MSigDB_Hallmark	HALLMARK_KRAS_SIGNALING_DN	NA	NA	NA	NA	NA	NA	NA	positive	NA
MSigDB_Hallmark	HALLMARK_KRAS_SIGNALING_UP	positive	positive	NA	NA	positive	negative	NA	negative	positive
MSigDB_Hallmark	HALLMARK_MITOTIC_SPINDLE	negative	negative	negative	NA	NA	NA	NA	NA	NA
MSigDB_Hallmark	HALLMARK_MYC_TARGETS_V1	NA	NA	NA	NA	NA	positive	NA	NA	NA
MSigDB_Hallmark	HALLMARK_MYC_TARGETS_V2	NA	NA	negative	NA	negative	positive	NA	NA	NA
MSigDB_Hallmark	HALLMARK_NOTCH_SIGNALING	NA	NA	NA	negative	NA	NA	NA	NA	NA
MSigDB_Hallmark	HALLMARK_OXIDATIVE_PHOSPHORYLATION	NA	NA	NA	NA	NA	NA	NA	NA	positive
MSigDB_Hallmark	HALLMARK_P53_PATHWAY	NA	negative	negative	NA	negative	NA	NA	positive	NA
MSigDB_Hallmark	HALLMARK_PANCREAS_BETA_CELLS	positive	positive	positive	NA	positive	negative	NA	negative	positive
MSigDB_Hallmark	HALLMARK_PEROXISOME	NA	positive	NA	NA	positive	negative	NA	negative	positive
MSigDB_Hallmark	HALLMARK_PROTEIN_SECRETION	positive	NA	positive	NA	positive	NA	NA	negative	positive
MSigDB_Hallmark	HALLMARK_SPERMATOGENESIS	positive	positive	positive	NA	positive	NA	NA	negative	positive
MSigDB_Hallmark	HALLMARK_TNFA_SIGNALING_VIA_NFKB	NA	positive	NA	NA	NA	NA	negative	NA	NA
MSigDB_Hallmark	HALLMARK_UV_RESPONSE_DN	positive	NA	NA	NA	NA	NA	NA	negative	NA
MSigDB_Hallmark	HALLMARK_UV_RESPONSE_UP	NA	positive	NA	NA	NA	NA	NA	NA	NA
MSigDB_Hallmark	HALLMARK_WNT_BETA_CATENIN_SIGNALING	NA	NA	negative	NA	negative	NA	positive	positive	NA
MSigDB_Hallmark	HALLMARK_XENOBIOTIC_METABOLISM	NA	positive	NA	NA	NA	NA	NA	NA	positive
PROGENy	EGFR	NA	NA	negative	NA	negative	NA	NA	positive	NA
PROGENy	Hypoxia	negative	negative	negative	NA	negative	NA	NA	positive	NA
PROGENy	MAPK	NA	negative	negative	NA	negative	NA	NA	NA	NA
PROGENy	PI3K	negative	negative	negative	NA	negative	positive	positive	NA	negative
PROGENy	VEGF	NA	NA	negative	NA	negative	NA	NA	positive	NA
PROGENy	WNT	NA	NA	negative	NA	NA	NA	NA	NA	NA
PROGENy	p53	negative	negative	negative	NA	negative	NA	positive	positive	negative
WGCNA_Modules	MEblack	negative	negative	negative	NA	negative	positive	NA	positive	negative
WGCNA_Modules	MEblue	negative	negative	negative	NA	negative	NA	NA	positive	negative
WGCNA_Modules	MEbrown	positive	positive	positive	NA	positive	negative	NA	negative	positive
WGCNA_Modules	MEcyan	NA	negative	NA	NA	NA	NA	NA	NA	NA
WGCNA_Modules	MEgreen	NA	NA	NA	NA	positive	negative	NA	negative	NA
WGCNA_Modules	MEgreenyellow	negative	NA	NA	positive	negative	NA	positive	positive	NA
WGCNA_Modules	MEgrey	NA	NA	NA	positive	NA	NA	NA	NA	NA
WGCNA_Modules	MEmagenta	negative	negative	NA	NA	NA	NA	NA	NA	NA
WGCNA_Modules	MEpurple	positive	positive	positive	NA	positive	negative	NA	negative	positive
WGCNA_Modules	MEred	positive	positive	positive	NA	positive	negative	NA	negative	positive
WGCNA_Modules	MEtan	NA	positive	NA	NA	positive	NA	NA	negative	NA
WGCNA_Modules	MEturquoise	positive	positive	positive	NA	positive	NA	negative	negative	positive
WGCNA_Modules	MEyellow	positive	positive	positive	NA	positive	negative	NA	NA	NA
