sample_id	patient_id	cell_type	tumor_control_status	CTCFL	IRF3	JUNB	KLF13	KLF9	MNT	MXI1	SNAI2	TFAP4	TP63	ZBTB7A	ZNF24	BHLHE40	E2F6	ELF1	GRHL2	KLF1	MBD1	MBD2	OTX2	SIX5	SNAPC4	ZBED1	ZNF384	ZNF740	dataset_id
"N10|endothelial"	"N10"	"endothelial"	"CONTROL_PANCREAS"	3.48681433806069	4.1453703725874	6.53456140814908	-4.32086606029791	6.94959471599021	-5.80557774678492	-7.84140158105668	-4.37347315385114	3.2309956540183	0.717709805859047	-5.33756982768134	-0.6236001107915	-7.24326819229832	-4.83261974596838	7.3511286830913	4.54825649009445	5.39349279400424	-4.34404421317642	-0.557297292485035	1.99173024487765	2.68832913874241	2.59697653784301	4.254329773137	7.48618920558266	4.43588726805509	"PENG_CRA001160"
"N10|fibroblast_caf"	"N10"	"fibroblast_caf"	"CONTROL_PANCREAS"	2.90770413568189	3.27532365742647	6.18480523902913	-4.74755303328287	5.57761416511486	-4.70884454258154	-7.50496226312568	-4.11034840540408	2.28645085934982	0.692319121787499	-4.96155590986725	-0.20645180536269	-5.49161857886529	-3.34455735447939	5.91363197023215	3.23896731905794	4.32475866943331	-4.38650945804493	-1.05380469222789	2.01198777076276	2.69148484045588	2.01733395410848	3.69437462133504	6.82410523689922	3.77083569202936	"PENG_CRA001160"
"N10|myeloid"	"N10"	"myeloid"	"CONTROL_PANCREAS"	1.43287745826736	4.20936301074942	5.42138536683904	-3.55510948046566	3.61431448562108	-4.4551823973328	-7.10791496065593	-3.43758503367934	1.47645018361715	0.200412392082123	-3.0081684992365	-0.945371202562553	-5.50018729664498	-4.11832525989707	6.58388702931484	3.28055339262863	4.26036460343576	-2.89825872627741	-0.784999619869299	1.66140374103254	2.50942150077862	2.51151053502987	3.63060253393944	6.24324624134559	3.83077270937709	"PENG_CRA001160"
"N10|nonmalignant_epithelial"	"N10"	"nonmalignant_epithelial"	"CONTROL_PANCREAS"	2.89242768265028	4.32759381685479	6.48185904141989	-4.05988430095333	5.88341039586477	-5.2869442542203	-8.27525214000759	-4.97732089660492	3.34378778305128	0.350173268902435	-5.61315332496921	-1.07282734215691	-5.92238147403892	-5.15936180909995	6.62873002099064	5.51529676373289	4.09142877373166	-4.64629825773728	-1.18714479378585	1.36638552952393	3.40593691461221	2.8133592346998	4.17371296267447	7.4041846067514	4.80600229219756	"PENG_CRA001160"
"N11|endothelial"	"N11"	"endothelial"	"CONTROL_PANCREAS"	3.71049953811874	4.55597899194815	6.64805914127348	-4.80019995203401	7.60312023723373	-5.8489592936355	-8.28341872628701	-5.0635216842884	3.49829946819998	0.235670753444741	-6.71759586646013	-0.870696264399428	-6.17193759153839	-5.56874494732371	7.49106732676479	4.69001142489119	5.39419847743988	-4.73289800728588	-0.025995605815645	1.90763877034244	3.41487672940741	2.94597015256409	4.64292308634262	7.75009322405645	4.9281783641585	"PENG_CRA001160"
"N11|fibroblast_caf"	"N11"	"fibroblast_caf"	"CONTROL_PANCREAS"	3.68249107328394	3.49402454761486	6.41420675740231	-4.67972213591604	6.34173503757888	-4.61494562335852	-7.32179944194033	-4.04591044847834	2.6953336780673	0.285864961988506	-5.13642925128401	-0.383863161490503	-5.04873861343052	-4.32588644612144	6.63133058241238	2.81850077305852	4.35097030395449	-3.63085775242636	-0.183034171852057	2.86124046524785	3.25329589937356	2.06147241842621	3.61943949659184	6.75938158121216	4.46360798068972	"PENG_CRA001160"
"N11|myeloid"	"N11"	"myeloid"	"CONTROL_PANCREAS"	2.23124244941024	4.09595625410951	6.386987043168	-5.0418994386125	5.44052807311218	-5.01146459689458	-7.40064880585742	-3.8050592127727	2.23549368109349	-0.847186892791783	-4.28640689170388	-1.37837673919643	-5.64334209634181	-5.22050504857804	6.56274310628441	3.38330051281927	5.12833874555026	-4.41064075916938	0.0640442205447375	1.7960146207231	2.79588703869919	2.43004845288639	4.50354261128857	6.94753597253278	4.23134761248383	"PENG_CRA001160"
"N11|nonmalignant_epithelial"	"N11"	"nonmalignant_epithelial"	"CONTROL_PANCREAS"	2.88992410078241	4.29360693611528	6.22734515432439	-3.60537126084512	6.02862732554241	-4.92312191365408	-8.24905782647163	-4.69546972357683	3.29343040569738	0.0980908947970064	-5.77112910103846	-0.914050354242882	-5.73118553918818	-5.12558823836398	6.41612505684913	5.60386164468005	4.3627856681752	-4.4985175531317	-1.25719904730914	1.52242481085325	3.75159961260077	2.88098900062974	3.98410806714346	7.58559509845338	4.90022228283373	"PENG_CRA001160"
"N1|endothelial"	"N1"	"endothelial"	"CONTROL_PANCREAS"	3.56552145642719	4.7122101318658	6.97121047562175	-4.74405632254819	7.17592413355251	-6.32672860994671	-8.41623642263273	-5.35728546872193	3.64936313977484	0.83313036306608	-6.14068419088389	-1.06379875853731	-7.18982219180881	-5.82071617088522	7.75383922968481	4.663688426795	5.03271011927886	-4.76600160505218	0.0221971423203399	2.00565891748973	2.81415137784731	2.99356737048362	4.50683000931679	7.65110824863059	5.04794821555378	"PENG_CRA001160"
"N1|fibroblast_caf"	"N1"	"fibroblast_caf"	"CONTROL_PANCREAS"	3.71320126761236	3.92862595308455	7.45948658518454	-5.04770606506013	6.63913285261885	-5.80926281519578	-8.2189389900066	-4.81962673074445	3.31533562931132	0.345386774488226	-5.52778948989747	-0.793025200020424	-5.92162445047686	-4.94420456850923	6.84621670096327	3.82616679923393	4.7752969746984	-4.18546408728266	-0.46365898129946	2.29441293339847	3.10840434572997	2.46807658418776	4.17721164814548	7.31599881420077	4.70064063424338	"PENG_CRA001160"
"N1|myeloid"	"N1"	"myeloid"	"CONTROL_PANCREAS"	2.29948753837655	4.61383662524075	7.00996014266085	-4.853300558269	5.9590488907704	-6.345017176299	-8.1835709500894	-4.7053986588238	2.60515149140289	0.241550571632126	-5.58544450889755	-1.44280817982143	-6.67335350139996	-5.2200090108359	6.84266408144154	4.43667192383276	4.85738974114117	-4.65618641166483	-0.693535196436095	1.30078242502484	2.87423408165356	2.56921427319966	4.18514214335376	6.87908535912518	5.0833577264975	"PENG_CRA001160"
"N1|nonmalignant_epithelial"	"N1"	"nonmalignant_epithelial"	"CONTROL_PANCREAS"	3.38010947303889	4.28941322664249	6.62628540653769	-4.32578213739138	6.24601030102911	-5.78594043603786	-8.62130955341333	-5.28005079400653	3.60739938960396	0.728653211577223	-6.517024175003	-0.863309513787086	-6.03683505378911	-5.58635985681042	6.88619096790757	5.63403504062734	4.42084385653773	-4.97513337054568	-0.430321844752195	1.4273353492627	3.51265667467097	2.76947724389589	4.22953641807508	7.64536516845834	5.22707359877896	"PENG_CRA001160"
"N2|endothelial"	"N2"	"endothelial"	"CONTROL_PANCREAS"	3.40083793806879	4.48948944668704	6.27125209117635	-4.90764658401124	7.16809846817894	-5.86475511428078	-7.94520193761514	-5.1402209386145	2.97847588757285	0.332131184036415	-5.65426202752578	-0.805228085539511	-6.14041797344687	-5.3734726925788	7.26588306397643	3.91642589992975	5.43891697932011	-4.66886487026496	0.232431586760728	1.82960571639966	3.22706536630929	3.31021274295794	4.4646958393162	7.4830707634344	4.89940642499568	"PENG_CRA001160"
"N2|fibroblast_caf"	"N2"	"fibroblast_caf"	"CONTROL_PANCREAS"	3.41133595869633	4.19257692659808	6.21713981909235	-4.88860446979348	6.01657058080928	-5.03388830993896	-7.65887378354363	-4.12492294879925	3.00078683538179	-0.2027700741253	-4.72593307382648	-0.504243385490496	-5.08949293006538	-4.2005269005102	5.94728579477897	3.22668812011313	4.51609563524039	-3.72571733916007	-0.516977694789993	2.39464337365015	3.51212922195355	2.46132191832459	3.82946265747369	6.64338724635342	4.32801459275386	"PENG_CRA001160"
"N2|myeloid"	"N2"	"myeloid"	"CONTROL_PANCREAS"	2.25107027771822	4.92902743909417	6.31058026019393	-5.26787511246482	5.72194634114642	-5.50867633578838	-7.88192091096625	-4.49666496867328	2.56660693340217	-0.353523142127766	-4.60968817892636	-1.45066160531249	-5.91547333295036	-4.79245330684771	6.87309392574498	3.73020289298772	4.95239745876175	-4.58602998107362	-0.424771043732533	1.21407363811647	3.24501628952783	2.88978266514711	4.71187226026162	6.79585334131935	4.98891538493643	"PENG_CRA001160"
"N2|nonmalignant_epithelial"	"N2"	"nonmalignant_epithelial"	"CONTROL_PANCREAS"	2.90151372780169	4.37368237995695	6.13845617076451	-4.28926497194611	6.34255766073081	-5.39431300206676	-8.34058643196987	-5.17081751083676	3.42550032088645	0.441393035878539	-5.87385846350496	-0.977082670924583	-5.55468610854743	-5.32181778968832	6.60258121936644	5.48869717416927	4.37314141843916	-4.86895412368747	-0.718444347968561	1.03767370726873	3.79313717921744	2.91994014303936	4.17942411109962	7.38452549769827	5.00447880439405	"PENG_CRA001160"
"N3|endothelial"	"N3"	"endothelial"	"CONTROL_PANCREAS"	4.09806076023318	4.80761108477835	6.11427091238822	-4.83299931044112	7.06869688687298	-5.86740671407158	-8.11822063725922	-4.64406579633466	2.88625992637533	0.0743602783428187	-6.19056849312485	-0.709219224767409	-6.14243113179729	-5.74517646990101	7.23348951274548	3.96506524043782	5.30414525592523	-4.6832935745084	-0.194919226814464	2.68313067710914	3.3276400873948	3.11071877484492	4.25656485087749	7.9247734366806	5.19195275314327	"PENG_CRA001160"
"N3|fibroblast_caf"	"N3"	"fibroblast_caf"	"CONTROL_PANCREAS"	3.38692245647172	4.14199106076351	5.64613652368029	-3.86141284562044	5.68945038632249	-4.4798174040961	-7.86117006936632	-3.84048041597734	2.74615965561936	-0.459638581065907	-5.32942607347246	-0.953145204297604	-3.95770366118896	-3.86702145927505	5.28781201501133	2.77539965982075	3.40328776344493	-3.29307284588425	-0.4117674986253	2.5795832504331	3.48250405791745	1.47584405408969	3.86925791825077	6.82121899881141	4.75642829597161	"PENG_CRA001160"
"N3|myeloid"	"N3"	"myeloid"	"CONTROL_PANCREAS"	2.03781188067827	3.61502646805077	5.31990490481682	-3.86415543917322	4.10596337772429	-4.63051606110015	-6.22951529514263	-3.46553739495928	1.86990144885322	-0.438090096824894	-4.03028979189241	-1.08424474128857	-4.68730448880252	-3.76573666232908	6.02877118282355	2.60134406201761	3.38635442094212	-3.16133826045228	-0.0242554513666603	0.993100114099155	1.49470343550644	2.35266159869042	3.26579504780962	5.79094554396528	3.75387315166135	"PENG_CRA001160"
"N3|nonmalignant_epithelial"	"N3"	"nonmalignant_epithelial"	"CONTROL_PANCREAS"	2.55616677492839	4.3278307033001	6.25375255577322	-4.07422147019284	5.93775418589655	-5.22027714384418	-8.36247313655138	-4.91415368808234	3.25752750270934	0.231530701597774	-5.87289493296689	-0.228811965839803	-5.85323528467478	-5.07043790239181	6.436183171144	5.54982560680496	3.92357719710246	-4.6923440050751	-1.27092939076478	1.16971380805956	3.65027788441528	2.74066548841141	3.88917512872795	7.62270467112988	5.57931106852554	"PENG_CRA001160"
"N4|endothelial"	"N4"	"endothelial"	"CONTROL_PANCREAS"	3.79352164343495	4.73420295741816	6.35529486578153	-5.18028443825436	7.769598862555	-6.40332432521768	-8.46177069973561	-4.92380166376515	3.4210932045178	0.47567836813948	-6.25161880041473	-0.778196462023657	-6.7477151717771	-5.64653819122541	7.38700085737676	4.34835770203717	5.46889420921085	-4.98553039795994	-0.35877937686327	1.79798910698582	3.57451064163232	3.52162308375757	4.75730935544549	7.7488910085481	5.36872041289513	"PENG_CRA001160"
"N4|fibroblast_caf"	"N4"	"fibroblast_caf"	"CONTROL_PANCREAS"	3.53080171934193	3.83102964351826	6.67790064009868	-4.95785874143052	6.49955130841039	-4.99750557763784	-8.22176184919522	-4.62096599584416	3.52876344671822	0.261283610892701	-5.40053331784124	-0.450063090434601	-5.529662364085	-4.42828598645516	6.3629732879603	3.72120280712277	4.37479536736515	-4.22000137140659	-0.516775436295728	2.9432395817687	3.86512730307308	2.16955967146077	3.38455944402837	7.65885567552787	5.04649553198657	"PENG_CRA001160"
"N4|nonmalignant_epithelial"	"N4"	"nonmalignant_epithelial"	"CONTROL_PANCREAS"	3.01885960102694	4.29503079956855	6.66152308650615	-4.31025887948487	6.60402461281283	-5.89639681950722	-9.03332355163123	-5.53351624417886	3.94198222189579	0.610651935647411	-6.38134657433043	-1.08799453022558	-6.09327837063199	-5.69801278731484	7.17054613824216	5.80002366837274	4.55937309362493	-5.51796321975492	-1.00822341934035	1.429452736171	3.94137183167951	3.36230223558653	4.39988186123828	8.31497659896846	5.70023710324208	"PENG_CRA001160"
"N5|endothelial"	"N5"	"endothelial"	"CONTROL_PANCREAS"	4.20064820408313	4.83578660595116	7.57996387782537	-5.11692982273068	8.62853345618321	-6.06629189824001	-8.80678085941283	-5.96698887085224	4.34168034942867	1.0021948651775	-8.25047085446424	-1.23673333182106	-7.45802806782377	-6.20808038006165	8.34235796003266	5.23185680756189	5.9418421915743	-5.34665917406901	-0.0676825157943285	2.06928280198816	3.28762251859116	3.50486988064604	4.60009328426819	8.27174565119062	5.60634564118418	"PENG_CRA001160"
"N5|fibroblast_caf"	"N5"	"fibroblast_caf"	"CONTROL_PANCREAS"	4.57350702114599	3.6598707769621	6.64472842730052	-4.79738394964713	7.09063903332031	-6.23485287321779	-7.76031871755573	-4.77126602740743	3.77905087906222	0.949466248276711	-6.48929059408055	-0.904455585465183	-5.24025403351395	-4.6327448608019	6.53221966062935	3.59565660115113	5.01946741647625	-4.58550520604675	-0.483155823211253	2.09171275220268	4.05145120509132	2.12467194435973	4.40808445702931	6.56412199601762	4.85863466772598	"PENG_CRA001160"
"N5|nonmalignant_epithelial"	"N5"	"nonmalignant_epithelial"	"CONTROL_PANCREAS"	3.96943070865216	4.59082626654026	7.00294685944903	-4.63516984876299	7.64275294455287	-6.90777278951438	-9.3583537468305	-6.08862177881767	4.15730708656403	0.35743552512276	-7.95633324442611	-1.1439234117177	-6.85052453902214	-6.29116704798241	7.59345855305898	6.41694813130962	4.82360425642548	-5.88567018280313	-0.608540099085704	1.37224611480468	3.69539901064715	3.9802367333157	4.48960545775427	8.59046039919977	6.03147896444525	"PENG_CRA001160"
"N6|endothelial"	"N6"	"endothelial"	"CONTROL_PANCREAS"	3.73981241071317	4.99655014066356	6.92068314250816	-5.12702792257358	8.09166568809709	-6.40156836520325	-8.66436054170673	-5.10334857526005	3.52865450613522	0.371269061288518	-6.8893308575914	-0.948553874625382	-6.59238449290442	-6.05711694149964	7.63410457262061	4.14266843930915	5.71465038547357	-5.19045854878428	-0.0775159176917874	1.7831803933014	3.44336438948478	3.44951974891286	4.75709568310003	8.07184145489777	5.5107679977964	"PENG_CRA001160"
"N6|fibroblast_caf"	"N6"	"fibroblast_caf"	"CONTROL_PANCREAS"	4.61011148388601	4.31601953609042	6.55300488017826	-5.00330068683692	6.99620215986462	-5.82083892065006	-8.43426560079204	-4.38950150307764	3.73307843748126	-0.0793641612742262	-6.14938942442793	-0.317876363479633	-4.9974800367102	-4.69276410651218	6.40044356232378	2.83726802126423	5.00922641222102	-4.41872596431487	-0.194763942532627	2.49496434218457	4.1773579131946	2.56431586941067	4.14862252472951	7.40812946063591	5.28898003723981	"PENG_CRA001160"
"N6|nonmalignant_epithelial"	"N6"	"nonmalignant_epithelial"	"CONTROL_PANCREAS"	3.22631462907299	4.32238005880392	6.78947006925518	-4.11103016695352	6.90892740308565	-5.68796128078855	-8.87187528218567	-5.50576771914842	3.65010511282764	0.65134811967581	-6.59266207602669	-1.18654423331535	-6.00967517230914	-5.58975006968043	7.08141988019816	6.22584175813934	4.77079723882709	-5.31735162765197	-0.676096295342893	1.39586387702858	3.99335381064057	3.24280108344716	4.537224951465	8.02297440714423	5.62582687067035	"PENG_CRA001160"
"N7|endothelial"	"N7"	"endothelial"	"CONTROL_PANCREAS"	3.94859869335463	4.53688030514176	7.02266326571394	-5.18675768560132	8.15141536626821	-6.31021991026058	-8.53238808760059	-5.43569565964618	3.70808994942751	0.40670504514752	-7.34751344318302	-1.1070303040052	-6.79836415155611	-5.70152191709458	7.627727861338	4.44022755863956	5.69800419314081	-4.88343799715572	-0.0351365577843094	1.83243226214642	3.27119051342486	3.03700449505822	4.70623733601801	7.95644092091967	5.2324767331229	"PENG_CRA001160"
"N7|fibroblast_caf"	"N7"	"fibroblast_caf"	"CONTROL_PANCREAS"	3.93516277380256	3.93033758737734	6.48721389994461	-4.72949047687137	5.97693117637902	-5.30652744150913	-8.04095238492013	-4.44884340483754	2.83854564048464	0.104584441493655	-5.1776103759401	-0.588879147360045	-4.60157853420666	-3.76936131546165	5.86364531960208	2.39005055304671	4.02428631308704	-4.54111536978672	-0.508086990014316	2.35557678839003	3.09544378624053	2.37867388575491	4.22641006830772	7.00570920891511	4.4802496732195	"PENG_CRA001160"
"N7|nonmalignant_epithelial"	"N7"	"nonmalignant_epithelial"	"CONTROL_PANCREAS"	2.99019887853866	4.38196040268934	6.35148155318473	-4.39050922551196	6.41983854780991	-5.66857965443716	-8.50998140724368	-5.26886389557147	3.64741129806076	0.0158917976901999	-6.47464235119273	-0.862355562429988	-5.97005891997851	-5.25409859361614	6.47586338364643	5.25826068434308	4.66439264720032	-4.99348250090005	-0.684253850286476	0.794164622580416	3.68772549715048	2.99405149091754	4.22674600826473	7.63386763179489	4.97769902909172	"PENG_CRA001160"
"N8|endothelial"	"N8"	"endothelial"	"CONTROL_PANCREAS"	3.58709156601755	4.84338305502845	7.10386496739682	-4.90822018935355	7.46799071572887	-6.4043139860582	-8.35792773313375	-5.03967486150364	3.70796446585986	0.736716602411496	-6.2498944955605	-1.00477041097645	-7.63991957849877	-5.302305197582	7.92439529498973	4.14195891778025	5.62058916460116	-5.07906854213781	-0.216345733480031	2.0300213193395	3.06341600594102	3.1000982423667	4.49886896385469	7.79631795102927	5.08877096724037	"PENG_CRA001160"
"N8|fibroblast_caf"	"N8"	"fibroblast_caf"	"CONTROL_PANCREAS"	4.09345601063095	4.49585012103772	7.21133690373689	-5.13353445717591	6.64488859307464	-5.85096821727611	-8.1413073433363	-4.48503237370982	2.58803459235488	0.210900936765088	-5.51478149365317	-0.491967996956769	-5.91520765068637	-4.53875590966652	6.77766958266652	2.85472288393206	5.00904373158144	-4.19107100582377	-0.352490170176738	2.39538568428756	3.20838782301492	2.30199947969173	4.35959644756548	7.18560994620649	4.78750653382442	"PENG_CRA001160"
"N8|myeloid"	"N8"	"myeloid"	"CONTROL_PANCREAS"	2.21322368733723	4.96053427429707	6.55912592372711	-4.88202505633983	6.1267546854738	-6.09059461395621	-8.09543353662449	-4.93521654764474	2.44789089159127	-0.103793872713704	-5.22672303236173	-0.738426840491557	-6.84043262904171	-5.73719280145712	6.9286842992664	3.32689060851767	5.02787653590486	-4.79791768343426	-0.583326539458305	1.29393501430981	2.78427645478839	2.60871304585355	4.8201332360776	7.04298316303949	4.88022735233359	"PENG_CRA001160"
"N8|nonmalignant_epithelial"	"N8"	"nonmalignant_epithelial"	"CONTROL_PANCREAS"	3.08762931316522	4.29708923997269	6.53987093306131	-4.44963592540418	6.44855403290739	-5.91625018202036	-8.42753811468639	-5.26703546059926	3.61987354818819	0.443036388335758	-6.30010596704727	-0.948341976301787	-6.360711814754	-5.11187370119642	6.60046189663994	5.48793700581127	4.54639755693272	-5.12301646163212	-0.298749587120771	1.26812727053215	3.57229056439133	2.94066185601992	4.20863364139048	7.59708031703248	5.10823944886743	"PENG_CRA001160"
"N9|endothelial"	"N9"	"endothelial"	"CONTROL_PANCREAS"	3.79229834953353	4.90060457230908	6.63085850570626	-4.86876466800118	7.76900712100562	-6.18317433998193	-8.49602961706233	-5.38702802456334	3.58527437080862	0.606452101124571	-6.27099338323764	-1.07995719704651	-6.92488095797669	-5.71051364626361	7.71120963475383	4.31245765726074	5.86611191575998	-4.74795641948521	0.026937292529123	2.09146635129094	3.36610382675243	3.1321736806658	4.53565408488241	7.82139097542831	5.09751326971124	"PENG_CRA001160"
"N9|fibroblast_caf"	"N9"	"fibroblast_caf"	"CONTROL_PANCREAS"	3.67429334630093	4.4109340008706	6.39487552003171	-4.94165785472969	6.41316396561546	-5.31313186706602	-8.02518145363925	-4.69114227464056	2.97356272999142	0.149328280008978	-5.20050430550167	-0.255532612682317	-5.37554440491444	-4.55405383173164	6.46253968766778	3.18920025594189	4.95190750917909	-3.84147732703097	-0.654197230090552	2.49605442835882	3.41139115496385	2.34558689497778	4.08998624296564	7.07743185772071	4.73146256753351	"PENG_CRA001160"
"N9|myeloid"	"N9"	"myeloid"	"CONTROL_PANCREAS"	2.42919934876046	5.28117694970913	6.45357832698086	-4.86481192539181	5.67457147495101	-5.69819882328324	-7.93636273429187	-4.95678169552061	2.63923883478533	-0.0892908905089137	-5.17363685474887	-1.42172901011609	-6.37544299564201	-5.45171478266077	6.87972271881085	3.69243595657468	5.30863543895931	-4.46683552836269	-0.550114860494876	1.26801433078216	2.80522656234353	2.94029918672872	4.87880466515798	7.16661789431994	4.41396149313161	"PENG_CRA001160"
"N9|nonmalignant_epithelial"	"N9"	"nonmalignant_epithelial"	"CONTROL_PANCREAS"	2.94084107320611	4.47635489203372	6.23673124088723	-4.55912806404643	6.73580502108953	-5.66233950356384	-8.50588482250931	-5.41279856212136	3.60160324622765	0.261423204780828	-6.03319737765865	-1.16979570453535	-6.00662281237194	-5.43764912181227	6.64612176468545	5.74880994638769	4.77868892400776	-4.90737050882168	-0.697818045869957	1.07442233567191	3.79084982737387	3.01641111970661	4.31622979921237	7.50038860688471	4.97746960210402	"PENG_CRA001160"
"T10|B_cell"	"T10"	"B_cell"	"PDAC_TUMOR"	2.32909779029366	5.82874825052463	5.89312839326738	-4.44393170957107	5.24082185310576	-4.9393382560422	-7.51324635383469	-4.62640812422828	2.48314755790502	0.0998668938292504	-4.86005376990068	-0.875163094875622	-5.96324835614055	-4.87694219558887	6.23029559520834	3.62541766156309	5.36125736009776	-5.17541503979815	-1.05127624656041	1.73452105503574	3.000672474874	3.28030953716305	5.05606788430473	6.77776242930235	4.45836502497148	"PENG_CRA001160"
"T10|T_cell"	"T10"	"T_cell"	"PDAC_TUMOR"	3.06060292809343	6.30557840853584	6.00911772589177	-4.52303838902548	5.48865520800432	-5.85228192766555	-7.63285118063219	-5.29042450734783	1.98899405755885	1.026772248893	-5.27658107258482	-0.558883654739214	-6.81148981759838	-5.13498636251773	7.15504762875853	3.23892338009271	5.6864028872422	-4.8824491790172	-0.751451665154881	1.70051198883226	2.54205373148931	3.16352601162731	4.87756655606128	6.76571147505495	4.40451918475181	"PENG_CRA001160"
"T10|endothelial"	"T10"	"endothelial"	"PDAC_TUMOR"	4.17152716475164	5.04006729752126	7.31670793498937	-5.15100305240314	7.99093790151467	-7.45812428010845	-8.64297625488324	-6.10599076351937	3.77667955688204	1.23048181266819	-6.82096570437417	-1.37409622000151	-7.66654024366686	-5.70784046081292	7.8301911520278	4.88868053256479	6.07011222212458	-5.16947951605698	0.257807579203769	2.75401882043026	3.14506747019844	3.35873165078242	4.95913499491725	7.91271720011152	5.47888901634968	"PENG_CRA001160"
"T10|fibroblast_caf"	"T10"	"fibroblast_caf"	"PDAC_TUMOR"	4.43453615137588	4.85691363393777	6.64629233349192	-5.23393542146709	7.2278067318052	-6.60243996715238	-8.7392781551804	-5.28637091321074	3.31515950870659	0.774607764045252	-6.73457286737062	-1.23180287148896	-6.49157641619626	-5.13929908057814	6.84690452657793	3.83924077595943	5.8948629085677	-4.59765909535487	0.405565495566308	2.53298455352492	3.52290922612568	2.65899247537832	4.67736779106288	7.55246765840466	5.52701517948799	"PENG_CRA001160"
"T10|malignant_epithelial"	"T10"	"malignant_epithelial"	"PDAC_TUMOR"	3.56966887773768	5.44129387500023	6.54383454001472	-5.08156535058603	6.36724620008607	-6.33795259640103	-8.05395318940457	-6.61255215384825	3.77187794105814	1.12112996257375	-6.82256268690875	-1.24168101109795	-6.86837021297697	-5.83026116640443	6.83130502486485	6.56258410815119	5.53465213674738	-4.90320530983509	-0.214751633187915	1.28463786304749	3.22233740274397	2.50377830981675	4.73603504375692	6.93341085132329	5.18198623390539	"PENG_CRA001160"
"T10|myeloid"	"T10"	"myeloid"	"PDAC_TUMOR"	3.02853892130854	4.51828951459899	6.24047112645964	-4.83545306902858	6.15995036152471	-6.21186774046817	-8.14881583962979	-5.58865112103427	2.7572985532262	0.351073711906285	-5.28354560770476	-1.42851827338743	-7.06977605452436	-5.28959679023499	7.65944672925247	3.08678545946887	5.75797660778216	-4.34599753506429	-0.439055215028266	1.53965064739248	1.87207911464596	3.07831275415054	5.30740459451772	6.90485851187891	4.9529114297083	"PENG_CRA001160"
"T11|T_cell"	"T11"	"T_cell"	"PDAC_TUMOR"	2.51669123459276	5.75409235206054	6.43390924702193	-4.39049853176506	4.72042134120849	-5.07379250511506	-7.2354088707978	-4.32329937183478	1.9836322474722	0.191512115720052	-4.31244190047966	-0.647291113125282	-6.78257088324906	-5.11914047319239	6.2355574432958	2.48148685554517	5.5743331746403	-4.45232738290013	-0.507321650549852	1.45229158713451	2.44486245809785	2.96669004486259	5.07985039358726	6.3346864526768	4.36281634423543	"PENG_CRA001160"
"T11|endothelial"	"T11"	"endothelial"	"PDAC_TUMOR"	4.34944085510335	4.1012014252325	7.33324289683106	-4.32186603630755	7.64084158230624	-7.2713753406379	-8.25993497021806	-5.157184462511	3.69576391599503	0.497182447193398	-6.34553956586872	-0.625358499329205	-7.50050667914733	-5.3197587125002	7.64538403755809	3.17293550812189	5.49386051549179	-4.56567712887407	-0.771191111729493	2.98990380401349	2.42674188449856	3.20645988185672	4.1577606265411	7.74423090724514	5.23658622275977	"PENG_CRA001160"
"T11|fibroblast_caf"	"T11"	"fibroblast_caf"	"PDAC_TUMOR"	3.77994852536732	4.60900438678156	7.62962537707738	-4.5703047763235	6.14482033304357	-6.04377222920108	-8.2560588728681	-4.19764629350741	3.05770580740289	0.311917446828392	-5.30275111868347	-0.976411180875137	-6.44198792075596	-4.93326980843874	6.23772159925143	3.49107810473337	5.3926137072459	-4.21773855701737	-0.282991708571733	2.29597259826917	3.33586854676377	2.50388725397816	4.45778844646576	7.35240269060048	4.60575689860185	"PENG_CRA001160"
"T11|malignant_epithelial"	"T11"	"malignant_epithelial"	"PDAC_TUMOR"	3.1638372661885	4.95185221762797	7.13545560948341	-4.47610067822787	6.00165088391279	-6.07914922021748	-7.86158708271781	-5.99176999976141	3.55178383293301	0.719410756898381	-6.65259444403745	-1.37102095511974	-6.93690938929089	-5.96497536549126	6.45499865872611	6.39699284561173	5.79233515984765	-4.92488284059562	0.00828621335257295	1.11671707881166	2.90576703805288	2.57825052893847	4.51283413724821	7.17682559221055	5.26942804889263	"PENG_CRA001160"
"T11|myeloid"	"T11"	"myeloid"	"PDAC_TUMOR"	2.90815290770365	5.39736938923261	6.91338114097903	-4.60297496760559	5.64335423036956	-6.24605507408557	-7.84746558124234	-4.95772501714627	2.53507379447764	-0.0567011570497973	-5.2568759389329	-1.60568482575735	-7.28078090505832	-5.48068650540114	7.02215846511584	3.04408968923921	5.72501187877921	-4.41289016854766	0.0699939902653895	1.535695216521	2.83854127503267	2.66121159165206	4.77391799288651	6.84092685209271	4.40050866080394	"PENG_CRA001160"
"T11|nonmalignant_epithelial"	"T11"	"nonmalignant_epithelial"	"PDAC_TUMOR"	2.39058408558045	4.53069462507032	6.6910118126174	-3.94176392271033	5.94978216876269	-5.74958573307762	-8.14363098315826	-5.23698140397787	3.39716495760152	0.75006986920909	-5.76245817668597	-1.0755190823562	-6.66940644104589	-5.02341201057862	6.60747891724208	5.73200697001041	4.76487674817095	-4.32454448726084	-0.875467905409442	1.19919043942531	2.99875915521308	2.62902848997454	4.28566858679552	7.32686026149668	4.90478407222616	"PENG_CRA001160"
"T12|B_cell"	"T12"	"B_cell"	"PDAC_TUMOR"	2.23039053925009	6.31415187295513	5.65832426661696	-4.32095085343956	4.17204784681534	-4.74228141790751	-7.03060240269169	-3.40123229886327	1.78395298781378	0.20046104750024	-3.76764407434672	-0.927632169222488	-5.69166246480153	-4.71642330634017	5.78142749324932	1.81269181700566	4.66874169864008	-5.14718380786007	-1.80328953609539	1.3607176545927	2.51581459322196	3.7618554223887	5.49228429263695	6.93145837837076	4.7081486585192	"PENG_CRA001160"
"T12|T_cell"	"T12"	"T_cell"	"PDAC_TUMOR"	2.64604979773754	6.37900240583675	5.53934318542672	-4.28682150538792	4.84067862151515	-5.26899529848304	-7.06225071122629	-3.76520522367189	1.95175404435622	0.29164002003706	-3.75523190678361	-0.483318280212266	-6.20916724339633	-4.72370487774824	6.55107875154082	1.6924332485822	5.16484049116806	-4.88421218676843	-1.15094727427304	1.28758600277093	2.6792235275544	3.72735452569246	5.08913918122177	6.57207379993709	4.80375843270952	"PENG_CRA001160"
"T12|endothelial"	"T12"	"endothelial"	"PDAC_TUMOR"	4.11691954610995	4.96208352934186	6.93715850979851	-4.40339148589741	7.3881671429168	-6.71799305056947	-8.51444745484834	-4.92559322451236	3.3049294775604	0.706122305745597	-6.24664684215418	-1.19789802572349	-7.13606652614436	-5.42343009392234	7.4202604994137	3.74601075212257	5.67376437157232	-4.70091843523399	-0.692366684058824	2.59959464422468	2.90016245269829	3.52920048501208	4.61588653142437	7.64398276488247	5.29990611366604	"PENG_CRA001160"
"T12|fibroblast_caf"	"T12"	"fibroblast_caf"	"PDAC_TUMOR"	3.90203388979257	4.96235187249645	6.74517577769858	-4.44619351544987	6.31911532529115	-6.10716607510299	-8.41198332228651	-4.03572677420529	2.45619436856956	0.594431118867134	-5.44761693688316	-0.90073053926254	-6.00256319034352	-4.77489595911842	6.28210009062688	2.09469865814124	5.38668149322867	-4.33486908045991	-0.550652638610905	2.70202448391064	3.15741310643059	2.58377119516699	4.52139516232156	7.44561685989934	5.06274746360322	"PENG_CRA001160"
"T12|malignant_epithelial"	"T12"	"malignant_epithelial"	"PDAC_TUMOR"	2.82998674149376	4.77356408534366	6.75245794505894	-4.12225935678358	6.36166061193019	-6.13289419212669	-8.33628158856749	-5.78459872286649	3.91789702200804	1.32968819411466	-7.35822347616823	-2.00638780603338	-7.15385398500248	-5.81088737103198	7.10186245517794	7.0909578894787	5.41704354292808	-4.79031090808554	-0.995073858830973	0.868321506176713	2.52644417137996	2.80458185323172	4.47443008388433	7.62249769507722	5.67652833654841	"PENG_CRA001160"
"T12|myeloid"	"T12"	"myeloid"	"PDAC_TUMOR"	2.95019605118946	5.58685105323204	6.74022131787704	-4.57245719765109	5.78493181580506	-6.19042341279437	-7.8410142708033	-4.7756205808827	2.44982477899936	0.285955600219066	-4.93468546184677	-1.40157859486654	-7.29484113076513	-5.35537912453544	6.99967394599547	2.9871658573205	5.76056025472005	-4.73745114327932	-0.671733241101199	1.55117158028774	2.52455640200562	3.17029238914808	4.87617636561651	7.3519264916805	4.74206418158639	"PENG_CRA001160"
"T12|nonmalignant_epithelial"	"T12"	"nonmalignant_epithelial"	"PDAC_TUMOR"	3.57050954796215	4.81704498259489	6.81233009374719	-3.94800936907613	6.18289545655625	-6.02099243837177	-8.44081576019359	-5.51713361952264	3.69592550569755	1.10799049764502	-6.84874767041922	-1.12181925228522	-6.79621772934423	-5.88089720826408	6.75873284324002	6.36752873632583	5.33958929019912	-4.56392064784498	-0.869250055847324	1.61046313102755	3.16856493870267	2.51440665256062	4.54419277826076	7.5913798961456	5.19795807385051	"PENG_CRA001160"
"T13|T_cell"	"T13"	"T_cell"	"PDAC_TUMOR"	2.17250608428282	5.43553671628718	5.6852914534455	-3.51383682785772	4.37154392472851	-5.02109406371043	-6.78885836473252	-3.24850869678054	1.69568859348265	-0.58429974023013	-3.81356650096615	-0.246185988635865	-6.06014461357055	-4.85637656088513	6.71747102230054	2.42328227089672	4.57476894782943	-4.62901158757584	-0.655624507785774	1.22047395208855	2.11073017532327	2.72405192771644	4.19636025487877	6.01729901729734	4.26560800610728	"PENG_CRA001160"
"T13|endothelial"	"T13"	"endothelial"	"PDAC_TUMOR"	4.45416967265739	4.96444422312824	7.10576009324213	-5.00840829054856	8.35050129802998	-7.15768324877455	-8.56482255014984	-5.52201364612834	3.78564763684804	0.693364366449039	-6.78770570673702	-1.16546592966742	-7.41286789425353	-5.85747516605526	7.79155733884239	4.57086741251613	5.94496739561992	-5.19971422505614	0.128249874430951	2.36537478098036	3.35112127464803	3.57811941144517	4.82184622459214	8.00369473910279	5.61062884004043	"PENG_CRA001160"
"T13|fibroblast_caf"	"T13"	"fibroblast_caf"	"PDAC_TUMOR"	4.04763389768235	4.95045331170649	6.83548002166134	-4.96574078505469	6.80592990767721	-5.92504220568421	-8.3535476918645	-4.64240763514411	3.43934526393303	0.554434227957157	-5.57903831181921	-0.840568430351616	-5.85415683216502	-4.6876646111861	6.34425359501249	3.56660022426203	5.48881763905075	-4.42053894951713	-0.0704870612830113	2.42763402215031	3.59996086629612	2.83911968350283	4.29758825662034	7.41054434731753	4.84135387526078	"PENG_CRA001160"
"T13|malignant_epithelial"	"T13"	"malignant_epithelial"	"PDAC_TUMOR"	3.4202498424442	4.62121943909753	7.42160249041411	-4.7145466581073	7.11996629980767	-6.35271426259263	-8.48458428791655	-6.20527358496933	3.84091931955307	1.67124697514378	-7.08709351513766	-1.55829202362253	-6.77781332531682	-6.08635850025854	7.00962312207349	7.07750661633421	5.54510965871742	-4.81162327711394	-0.963604722936522	1.46193357696291	2.73872137485275	2.63972762867058	4.58603773944788	7.38981022303878	5.21121354464354	"PENG_CRA001160"
"T13|myeloid"	"T13"	"myeloid"	"PDAC_TUMOR"	2.74224669361182	5.56110235330066	6.3184759335673	-5.10072101134501	6.08475367232355	-6.01403842616117	-7.9069253127795	-5.17959818616571	2.83214913156897	-0.051849008542248	-5.25400164352908	-1.31662720874737	-6.60010701638455	-5.50409170368671	7.18310953888319	3.97323118416519	5.43963440229815	-4.74359818215004	-0.764104763532054	1.40939471383595	2.63198298664843	3.06012926302367	5.0692592680371	7.19011917134273	4.84264151564853	"PENG_CRA001160"
"T13|nonmalignant_epithelial"	"T13"	"nonmalignant_epithelial"	"PDAC_TUMOR"	3.66495284908655	4.83320390010344	6.9346364431542	-4.52150447972036	7.13087454697744	-6.12075540027032	-8.72143988038604	-5.82955461431437	4.0327993440744	1.11171990308365	-7.11938870080599	-1.30792862724944	-6.43813394723226	-5.87922113955743	7.24748091622838	6.49177785754364	5.39982203081313	-5.06749622823939	-0.691326184904131	1.44587139344142	3.43550915214657	3.16886520278182	4.64225317201561	8.0645404534949	5.43021487929368	"PENG_CRA001160"
"T14|endothelial"	"T14"	"endothelial"	"PDAC_TUMOR"	3.91616466049381	4.89510126975162	7.21348214816999	-4.77437261761589	8.39090006439732	-6.88589310961817	-8.40128681713259	-6.15708649037491	3.69424111176542	1.3377062260129	-6.47550523094364	-1.5309563658125	-6.67131282991449	-5.76703719891435	7.81625547535348	5.52452599183536	6.0482213903835	-5.03156859678806	0.000314886524070222	2.12746134382106	2.82714967751071	3.51637183250912	4.58960356122786	8.00176232980448	4.88803356153577	"PENG_CRA001160"
"T14|fibroblast_caf"	"T14"	"fibroblast_caf"	"PDAC_TUMOR"	3.63467043608736	4.766035026605	7.06001636973094	-4.93918635475507	6.96721726453332	-5.94058766719167	-8.2148780050565	-4.94936394125656	3.08173386278607	0.973947789949347	-6.05837311061482	-1.1907317015831	-5.97469596166164	-4.82920711908269	5.98875122830033	4.42021270655883	5.68398964540915	-4.53849925693296	-0.19212371392158	2.42443779335986	3.5496306125573	2.75883408682655	4.41446220146755	7.1503586586172	4.67342379598403	"PENG_CRA001160"
"T14|malignant_epithelial"	"T14"	"malignant_epithelial"	"PDAC_TUMOR"	3.35934788163863	4.7988638090793	6.92688650584524	-4.39978592326126	6.9129160438466	-6.09363738464425	-8.43107231132952	-6.56727440925915	3.5974445320715	1.0534718773748	-7.71735114957252	-1.92400072966186	-6.69384802774345	-6.06736720402823	7.12564077087973	7.2742223538724	5.94807873498288	-5.27796536347617	-0.61595593879917	0.770230170658149	2.74945363581544	2.72886250310109	4.69617439875264	7.77457373679476	5.28419980604368	"PENG_CRA001160"
"T14|myeloid"	"T14"	"myeloid"	"PDAC_TUMOR"	2.54464273648652	5.19378393095337	6.26309470051941	-4.48648119174541	6.0232925963582	-6.22145515075341	-7.61307507592341	-5.53402687367644	2.42678944365702	0.607642961479134	-5.59712395360846	-1.88182656885219	-7.16379303765421	-5.25873038450272	7.70187870820456	4.14378060890262	5.60018482136849	-4.9773299537967	-0.380520490061952	1.22258494437252	2.65797058388459	3.20942340733338	5.1167819936806	7.15538784500185	4.70389202248842	"PENG_CRA001160"
"T15|B_cell"	"T15"	"B_cell"	"PDAC_TUMOR"	2.88870842524863	6.25655020346196	6.18716987732003	-4.71086238882505	5.18677114255462	-4.93516137710038	-7.21582605104897	-4.49471946263571	2.22005026320994	0.28096301782085	-4.61612469443716	-0.856765336081429	-5.72214551492897	-4.80823555517066	6.12491975378948	2.37045687534196	4.69185411983638	-5.25965652337121	-1.12464611622975	1.4215340778137	3.11354513772969	3.4138270891609	5.28526132568443	7.12929666229389	4.91119967471577	"PENG_CRA001160"
"T15|T_cell"	"T15"	"T_cell"	"PDAC_TUMOR"	2.50117531758907	6.05849032542692	5.94846986082254	-4.93483143738141	5.67101898759906	-4.90699558383989	-7.3901290310167	-4.48099602889103	2.57453315939611	0.414154089675151	-5.03910668452317	-0.801758073125062	-6.3816215770018	-5.17720968269209	6.79406642349615	2.74769546754075	5.15597277761643	-5.24079045070886	-1.03906590120448	1.39390602434752	2.93469704098146	3.4225271522963	4.85991153997101	6.59253719344038	4.79296077556925	"PENG_CRA001160"
"T15|endothelial"	"T15"	"endothelial"	"PDAC_TUMOR"	4.89305324263057	4.76591648017116	7.25622873178834	-5.3222977585483	8.63491838890141	-7.40407557369555	-8.8186089962845	-5.78609580491866	3.81424892523095	1.07071116770314	-7.35598881390455	-1.43934155074153	-7.55279380311111	-5.87778662858532	7.98476218930106	4.36436398633903	5.89858485319532	-5.12951432551141	-0.0607809722265961	2.76008267829656	3.19240177028396	3.46454044865455	4.88295315667954	8.30972673783636	5.67316524774072	"PENG_CRA001160"
"T15|fibroblast_caf"	"T15"	"fibroblast_caf"	"PDAC_TUMOR"	4.62367558599934	4.97562298275391	7.19642301315274	-5.44209141774403	7.27499960068628	-6.48520479117097	-8.63260331788594	-5.10427970102137	3.56016215406972	0.57977433894997	-6.31455648481519	-1.02559850119619	-6.09648843009435	-5.05281996985857	6.66464818295389	3.59902058795559	5.82426547483891	-4.43466380941647	-0.0462177510115942	2.54107933225313	3.40692247579854	2.89486102580865	4.52800629043675	7.7181474275587	5.15981232069367	"PENG_CRA001160"
"T15|malignant_epithelial"	"T15"	"malignant_epithelial"	"PDAC_TUMOR"	3.9150078441325	4.88258828421863	6.79470141906271	-4.48663861682017	7.51928267898414	-6.80700589852873	-8.72379103157412	-6.58608344136193	4.07036526023133	1.33195759858225	-7.57371511557766	-1.57565290471402	-7.32231970331441	-6.13389371095357	6.94358886710512	7.00514568682625	5.59228295688902	-4.86478201807367	-0.627448390620345	1.41494782186789	3.1141995090182	2.44989511447635	4.99117835979006	7.46698843598754	5.37386901923229	"PENG_CRA001160"
"T15|myeloid"	"T15"	"myeloid"	"PDAC_TUMOR"	2.6265059602052	5.63533364419696	6.67909316451182	-4.8699078883916	6.29198306708927	-6.46296300907732	-7.9229127428648	-5.02226138230604	2.58515685605164	-0.191963508720849	-5.32300032135125	-1.44258287757259	-6.65263306683529	-5.15301000646997	7.1028896944409	3.53356825447328	5.37766458298445	-4.90492887027961	-1.0744495650208	1.83627688647441	2.61755368726472	2.83007236282043	4.88072050229594	7.27610480829435	4.99360908105963	"PENG_CRA001160"
"T15|nonmalignant_epithelial"	"T15"	"nonmalignant_epithelial"	"PDAC_TUMOR"	3.24257106887312	4.93029415268207	6.57665716592031	-4.64296678656689	7.08168160802639	-6.01498668003897	-8.52964616732006	-5.62155195154378	3.89999049798442	0.901953204673696	-7.29045052110275	-1.1828046753673	-6.11220239142968	-5.65081922327748	6.76475485307401	5.79448335631127	5.05114951981299	-4.92286280167011	-0.72743320584559	1.46417341582272	3.77615767328425	3.06138181281777	4.27378533508112	7.63582524348541	5.37686847350048	"PENG_CRA001160"
"T16|T_cell"	"T16"	"T_cell"	"PDAC_TUMOR"	2.53679391874484	5.72083328525016	6.00827675089298	-4.40740324726737	5.30881215835287	-4.96957436419842	-7.4081782419895	-4.23448984863069	1.68605582894987	0.635604746769777	-4.22595154765109	-0.734896181785517	-6.45936838892229	-4.92293269010601	6.75515371751166	2.87499509499161	5.04061663142617	-4.48482366132346	-1.00569473085137	1.82179147654534	2.02630728137698	2.66691008573322	4.82292082459136	6.38453315363083	4.05633947841198	"PENG_CRA001160"
"T16|endothelial"	"T16"	"endothelial"	"PDAC_TUMOR"	4.42567560996125	4.78600895044241	7.71097023640914	-4.97147570066218	8.06196490111911	-7.10518218276882	-8.66602680684813	-5.55984221612069	3.66603789138766	1.60306650675428	-6.17946835269509	-1.44969687670883	-7.65891867754258	-5.80081570027805	7.75654185509316	4.21180789477777	6.17549219422719	-4.7706095434645	0.13669271867789	2.5736289068193	2.80733507992652	3.15395511385274	4.88392247483596	7.79399842369999	5.1251026075805	"PENG_CRA001160"
"T16|fibroblast_caf"	"T16"	"fibroblast_caf"	"PDAC_TUMOR"	4.13015248357499	4.79926914394535	7.80205483418551	-5.05511387494181	6.7477266582052	-6.27059494384637	-8.4847705954744	-4.83252803789819	3.41412413583058	1.05987283684573	-5.39757929961533	-1.39767017649756	-6.57626691059974	-5.2642441126441	6.7217898564897	3.79859758305873	5.46808494689744	-4.03823658449036	-0.31742938261928	2.67547648753925	2.93638082754378	2.47989836859211	4.44909833197553	7.26032257454819	4.47645186157658	"PENG_CRA001160"
"T16|malignant_epithelial"	"T16"	"malignant_epithelial"	"PDAC_TUMOR"	4.12298908718755	5.4282206371067	7.58517048061903	-5.4194495493729	6.97220082925531	-6.58854931271773	-8.840564983052	-6.45028468293433	3.6871220121471	2.03154252370604	-6.75366500534735	-2.08229403302774	-7.1058561404593	-6.02423622512414	6.4741893026422	7.09719644665863	5.96586232455971	-4.7789095940643	0.193071515611131	1.13744519864306	3.21263383906415	3.00094226313521	4.82102326737763	7.27204149598221	5.42940684869231	"PENG_CRA001160"
"T16|myeloid"	"T16"	"myeloid"	"PDAC_TUMOR"	2.58284059853974	5.69650441137286	6.82507025505808	-4.71367314967809	5.67657438836933	-5.99446415917454	-7.69674194493106	-5.04842777626784	2.8363757281513	0.648659179814527	-4.73048808911086	-1.62503091145773	-6.95468080298266	-5.41075768838776	6.97423327973193	3.67288529313819	5.21938129243681	-4.28791041017506	-1.11052863616041	1.78450902180267	2.75924717200185	2.72383576982775	4.9729545495627	6.84269690273145	4.4234276934427	"PENG_CRA001160"
"T16|nonmalignant_epithelial"	"T16"	"nonmalignant_epithelial"	"PDAC_TUMOR"	3.2386456555351	4.81682450303148	6.66481280723759	-4.62947088090887	6.69013212898689	-5.96524243706118	-8.36129758762169	-5.61511833610194	4.03012784196736	1.10804440702408	-6.0080041290745	-1.05946460888063	-6.6786887185924	-5.99719466435334	6.85279773096059	6.02871559658417	5.29069115615796	-4.48511239934969	-1.06938592437597	1.43274678757	3.23349498858902	2.88457515065205	4.21473332014313	7.31129072950978	5.06717047332325	"PENG_CRA001160"
"T17|T_cell"	"T17"	"T_cell"	"PDAC_TUMOR"	2.123587970725	5.66260224642953	4.66853201905801	-4.27429603111614	4.30538450895137	-4.74478627300149	-6.49203944083856	-4.11207991839123	1.3804391302962	0.178607154318329	-3.83610632783125	-0.756648565093957	-6.41534962304986	-4.50130781494349	6.67177955154641	3.29168566601659	4.10227376100917	-3.89014179979886	-0.466396177028283	1.15129341401285	2.31560195726758	1.66965970213657	4.77958911513295	6.22017958114294	3.78409046071011	"PENG_CRA001160"
"T17|endothelial"	"T17"	"endothelial"	"PDAC_TUMOR"	3.78807114414875	4.76270761104226	6.87575611070259	-5.02115944493514	7.66226683453634	-6.59806824901172	-8.28438564342287	-5.23005321047373	3.15066545298108	0.775877197227859	-6.30470740811491	-1.32665052993836	-6.74384557324346	-5.60792542795039	7.41624122833919	3.95458397369228	5.56398608717902	-4.61830696935078	-0.236612064716905	2.10234852788904	2.94534417150407	3.13127567157957	4.63183601481109	7.33617316770492	5.01151998357961	"PENG_CRA001160"
"T17|fibroblast_caf"	"T17"	"fibroblast_caf"	"PDAC_TUMOR"	3.4595272673969	4.60592517455957	7.33109056511558	-4.99393479980396	6.57567646842087	-6.09114367100295	-8.28003808931538	-4.84303529510159	3.27265201225296	0.748900018359756	-5.51694203979024	-1.33814224910845	-6.32215000664184	-4.8624137911578	6.29223469863032	3.95406716691183	4.90643397902343	-4.07078878023415	-0.683852248744138	2.39967815558105	3.08444000699714	2.22616632716932	4.47238904763854	7.38294831038636	4.54306074149288	"PENG_CRA001160"
"T17|malignant_epithelial"	"T17"	"malignant_epithelial"	"PDAC_TUMOR"	2.96272136290671	5.64295465442051	6.6302859013806	-4.85607411857621	6.28864184309231	-6.09247981011115	-7.7974670574695	-5.70748520038758	3.46766927971688	0.966787381889088	-6.56203154237609	-1.8101862075477	-6.7204131178908	-6.03460966109856	6.46270577911283	6.45554952655613	4.96064822266204	-4.88160257218789	-0.750825940280575	0.813615868177332	3.17547665294741	2.59423826655778	4.70942564142724	7.25052260389183	5.17999356779222	"PENG_CRA001160"
"T17|myeloid"	"T17"	"myeloid"	"PDAC_TUMOR"	1.88781549285959	5.49245040641186	6.5264832950313	-4.68627252450833	5.59993438903541	-5.84351665660082	-7.68316032072832	-4.97718442907598	2.49184780402138	0.116091720317447	-5.0154609895489	-1.64307507335148	-7.19552228706142	-5.51865264742838	7.19424570721296	3.77061488927096	5.31121165728008	-4.35259017667298	-1.39185523847152	1.47514662717358	2.56929870083827	2.6993581105919	4.74341836959781	6.9438534671098	4.52051183539461	"PENG_CRA001160"
"T18|endothelial"	"T18"	"endothelial"	"PDAC_TUMOR"	4.3493937211281	4.69191978023406	7.45305473045253	-4.90205507740524	8.80634624047354	-7.71486128968771	-8.89581152817815	-6.02663000514864	4.01990957576035	1.32091051987755	-6.99311955814998	-1.5631092296602	-7.80001327946993	-6.33732791981876	8.46799231682433	4.99585343167252	6.27436425038006	-5.05355422004851	0.247032633195445	2.60134810233328	2.90606534889757	3.39519363369839	4.91629045363079	8.4055012682647	5.62399185904833	"PENG_CRA001160"
"T18|fibroblast_caf"	"T18"	"fibroblast_caf"	"PDAC_TUMOR"	3.77142754444217	4.42451975847939	7.39214511171404	-4.78882256208046	6.37658198771775	-5.87579292135224	-8.31053747326385	-4.93172786549022	3.21906412381307	0.560887156062755	-5.78391627680736	-0.946624921507029	-6.17420698808809	-4.75363724514038	6.52007330621125	3.94384773909963	5.31941707210671	-4.0615967137493	-0.180598277982893	2.67850619471137	3.06171198719914	2.59433180889698	4.47180884570986	7.26841586236465	4.85933329077986	"PENG_CRA001160"
"T18|malignant_epithelial"	"T18"	"malignant_epithelial"	"PDAC_TUMOR"	3.34466474983832	5.19088342444739	6.29163034383724	-4.28999981232421	5.48199234005416	-6.17599237049135	-8.13395737753151	-6.36510594383341	3.51142067138822	0.825914472599771	-6.75854328967243	-1.57786125861504	-7.053568236363	-6.10193791446312	6.91899639621994	6.24703551345437	5.24556986537361	-5.04317286210878	-0.588106282740315	0.739210959318405	2.83397671007499	2.78570827482932	4.7264141298349	7.56095407289673	5.5552542986649	"PENG_CRA001160"
"T18|myeloid"	"T18"	"myeloid"	"PDAC_TUMOR"	1.8704988644699	4.19206617788006	5.00031851033132	-3.65914247864989	5.05224954183849	-5.7133881354207	-6.74271295063742	-4.44834868752689	1.71513500442938	0.495659502083911	-4.94940301318759	-0.911079737684559	-6.6596939038578	-4.66618768274442	6.79461595376398	3.01842552404269	4.80740586987391	-4.12600259285067	-0.0830265923166818	1.1331599763075	1.89283245706819	2.39360919836876	4.60841975689671	5.92144460501256	4.0504256113505	"PENG_CRA001160"
"T19|T_cell"	"T19"	"T_cell"	"PDAC_TUMOR"	2.72670036240485	5.98357940536122	6.26499320118174	-4.94114023448595	5.34844639533368	-5.33046811904084	-7.5348831138481	-4.79357834193991	2.59573543826648	0.756860748440147	-4.83341783813447	-1.36335696237217	-7.25828427080405	-5.22053651996505	6.88427433595446	2.88631559518	5.73414178420872	-4.63368016306546	-0.700268140217304	1.52421231748621	2.54945893858841	3.03606913345468	5.12677907617789	6.67089735582777	4.33379111733922	"PENG_CRA001160"
"T19|endothelial"	"T19"	"endothelial"	"PDAC_TUMOR"	4.09914761986391	4.84913977606703	7.44046812030634	-4.9645532585934	7.6407438166649	-7.00466499237891	-8.46469484658742	-5.59050055068191	3.46946818732526	1.39606773977406	-6.33148166957399	-1.64669375399314	-7.72913814814981	-5.63048018648196	7.83461039046956	4.17908714265952	5.89857170385148	-4.8023401203199	-0.342976485887347	2.48201227526876	2.86377857201893	2.75621650446842	4.93233339545052	7.96065925846608	5.19213552105016	"PENG_CRA001160"
"T19|fibroblast_caf"	"T19"	"fibroblast_caf"	"PDAC_TUMOR"	4.05938345157955	4.90961798495318	6.92639763048033	-5.00629725222573	6.38023298607052	-5.94065097041612	-8.25772887824243	-4.61980811381467	2.91349817347273	0.610972001159662	-5.6814603694524	-1.32977127455118	-6.42227265930612	-4.9201124458704	6.60974642240146	2.93894532846509	5.38710522866293	-4.13424130457844	-0.128513905130281	2.73642588951219	3.01979328044748	2.43186067290271	4.47403678557178	7.31865285857355	4.88024568854593	"PENG_CRA001160"
"T19|malignant_epithelial"	"T19"	"malignant_epithelial"	"PDAC_TUMOR"	3.00611315919339	5.28033506045853	7.01501032862558	-4.83624966832048	6.19246390086655	-6.30091230481336	-8.39371694548645	-6.39307098484924	3.4988950349128	1.73994432096785	-7.04531232852868	-2.2694192420032	-7.32337056864827	-5.64685935937711	7.07977312384664	6.63181219189222	5.41986812967709	-4.85553289380526	-0.28197507196872	1.21951566325878	2.88222944142159	2.60259306773764	4.74914365106286	7.1339145228171	5.43162299961822	"PENG_CRA001160"
"T19|myeloid"	"T19"	"myeloid"	"PDAC_TUMOR"	2.73942549980494	5.83126924571623	6.3469932935143	-4.86957291731194	5.34997981410369	-5.57052948848328	-7.53470423835308	-4.86692679342247	2.32022570852616	0.411270981204186	-4.63207970940188	-2.1175605952782	-6.90226211526672	-5.03820340980091	6.99985133820801	3.16696881287594	5.35741984496848	-4.37091233485479	-0.745312685997806	1.26340861198985	2.5293352755737	2.65017922130983	4.89856012868019	6.68303367542926	4.5104881073612	"PENG_CRA001160"
"T19|nonmalignant_epithelial"	"T19"	"nonmalignant_epithelial"	"PDAC_TUMOR"	2.9584160607754	4.50414327062704	6.62415653476284	-4.41854071464963	6.24608595938834	-5.86010014167079	-8.1480999474382	-5.40273184065194	3.47492289175073	0.734758231068419	-6.21916202090107	-1.19450746588993	-6.87028233477894	-5.0141290113652	6.68662829424535	5.42223563706941	4.88070673657751	-4.5002083012393	-0.674745899018594	1.55353315964859	2.78390154727371	2.4525225155112	4.32634366308132	7.4876911896606	5.02110428772919	"PENG_CRA001160"
"T1|T_cell"	"T1"	"T_cell"	"PDAC_TUMOR"	3.46077798771839	4.8577174360718	5.43803016757985	-4.02358073728911	5.15709651736539	-5.02626406667723	-5.89976014851193	-4.12324278839097	2.09848428894601	0.421757745397223	-5.34127665411676	-1.23048134095629	-6.31800021451034	-4.61478996800976	6.45113088201806	3.84479957286745	5.16010719737738	-3.48225325513474	-0.93520595608474	0.877248782295025	1.64855770748702	3.35300227726347	5.67518443515771	6.06062496463972	4.27887322145522	"PENG_CRA001160"
"T1|endothelial"	"T1"	"endothelial"	"PDAC_TUMOR"	4.19520795205693	5.06462593145776	7.64213394138479	-5.04537135161398	8.21219105915048	-7.20317619506144	-8.51629346958507	-5.66218173237774	3.77257750230914	1.24069325606133	-6.73066674489894	-1.51157457767186	-8.00431803376715	-6.01826901380784	8.24213479655875	4.93827025598116	6.60847206350074	-4.85224897564632	0.0983157639210707	2.15634258988702	3.07382470084597	3.20868756531756	5.01163164025668	7.73167983547623	5.59500056546365	"PENG_CRA001160"
"T1|fibroblast_caf"	"T1"	"fibroblast_caf"	"PDAC_TUMOR"	4.23016239772521	5.15276837231792	7.00231492611248	-4.98124797726819	6.92965094258121	-6.1975479413585	-8.58676469714365	-5.07662539487995	3.25228623370103	0.823596149659672	-6.20344434757135	-1.26468572051274	-6.63591429616375	-5.08904346455249	6.86585748696235	3.63382293068446	6.06804294032308	-4.32030192604628	-0.249913064359033	2.80189911362622	3.1441314514065	2.20574190035273	4.67211362179117	7.04563073161903	5.18028316073999	"PENG_CRA001160"
"T1|malignant_epithelial"	"T1"	"malignant_epithelial"	"PDAC_TUMOR"	3.63478634137057	5.22990460956501	7.38815728898474	-4.87557109321295	7.2910061273632	-6.90431125769192	-8.87860280905127	-6.84016693522815	3.90731346717514	1.41455660025678	-8.27306171576194	-1.40451931634029	-7.55027186061819	-6.24318881273481	7.49872385915901	7.39338040546374	6.24445107405892	-5.09477989150984	-0.265037603533995	1.35450650019058	2.84219432648263	2.80876435127203	4.96572449100638	7.75103039899456	5.77821429590229	"PENG_CRA001160"
"T1|myeloid"	"T1"	"myeloid"	"PDAC_TUMOR"	2.87879260535156	5.04020299398897	6.34055626934037	-4.87327586079196	6.61580277145702	-6.28009848402626	-8.18583416330519	-5.64229233507284	2.41339289597388	0.797585659464716	-5.62815142838012	-1.69859346324739	-7.14980946832943	-5.65038721443843	7.71483658153677	3.04022354142322	6.18736813400937	-4.3784250796876	-0.213924975285588	1.45540023112764	2.90869475930348	3.00950730925094	5.08080901814687	6.85226859131207	4.83827815496627	"PENG_CRA001160"
"T1|nonmalignant_epithelial"	"T1"	"nonmalignant_epithelial"	"PDAC_TUMOR"	3.23986169448487	5.05173755281712	6.55136198455814	-5.01495493540812	6.59358110735353	-6.84895698396873	-8.7159129276634	-5.1733882434114	3.6837753895945	0.94134406899216	-6.60431032168529	-1.15740278135926	-7.00313833472984	-5.41934100644342	7.21825675284953	4.55233343776121	6.21498219724269	-4.85171489473751	-0.673785912092779	1.73358442373855	2.59819288219938	2.67983365461673	4.88894691090768	7.67329211206976	5.11244592343846	"PENG_CRA001160"
"T20|endothelial"	"T20"	"endothelial"	"PDAC_TUMOR"	4.04795671838553	4.32771523368527	7.36953241788433	-4.30662684701883	7.82956013471991	-7.20888712688933	-8.56642694444181	-6.16628161301858	4.05037196259108	1.38743106483017	-6.85589863389683	-0.953218008473999	-8.2088316388818	-5.8605859158162	7.89730925158326	5.00360973907177	5.5703506107902	-4.78094183762216	0.681742989734253	2.67647192098054	2.65151176759047	3.43129602878247	4.76731069407678	8.01474051533357	5.34429873174325	"PENG_CRA001160"
"T20|fibroblast_caf"	"T20"	"fibroblast_caf"	"PDAC_TUMOR"	4.31308149880259	4.07620580562623	6.45242429228047	-3.73893840141842	6.28970493260919	-5.66867019039632	-8.20253339125513	-4.38825166569193	2.15036822626111	0.539851501566462	-5.80154065009318	-0.533680480199649	-6.12459489980445	-4.09418521237224	5.97325443520864	3.05129953514859	4.75783373616069	-4.32963764382553	-0.330186240328566	2.33556195781271	3.02729551602216	2.63682203148417	4.23900071325012	7.2487579649757	4.17600327091937	"PENG_CRA001160"
"T20|malignant_epithelial"	"T20"	"malignant_epithelial"	"PDAC_TUMOR"	3.54880890439944	5.13294214249317	7.14852437012344	-4.1024096252635	5.56667149861035	-6.50763050048648	-8.21941680853371	-6.29590554262145	3.71229176403697	1.16492923230385	-6.78714629739722	-1.49308769262737	-7.56051115854502	-5.75228345087487	6.81305244886409	6.58460109969904	5.14755797040866	-4.85590494120236	0.0111300270173326	0.571585739102294	2.6675112452068	2.99227678135605	4.55210043182778	7.49083285762702	4.97820130545283	"PENG_CRA001160"
"T20|myeloid"	"T20"	"myeloid"	"PDAC_TUMOR"	2.78667721187867	4.70472202361674	6.36440906255998	-4.63166033853021	5.35055752572432	-6.54035100475036	-7.44157075652161	-4.55403861182168	2.92437081963984	0.946727043515866	-4.99958483618773	-1.68151815068343	-7.59338866512431	-5.88370667442907	6.65771569992675	3.86191533696995	5.20644324968583	-4.48956964269704	-0.398913375886174	1.47376898849985	2.39191380639004	1.8642389367521	4.8685931293628	6.5498178185873	3.38910742574136	"PENG_CRA001160"
"T20|nonmalignant_epithelial"	"T20"	"nonmalignant_epithelial"	"PDAC_TUMOR"	3.36114439995716	4.67673102840251	6.80670344150584	-4.17183286972183	6.9218623318021	-6.05449244358135	-8.33329738917421	-5.33366755737062	4.05455474168486	1.18017465478383	-7.01395947297695	-1.09066594719412	-7.58720944152716	-5.27946306177049	6.52673797849122	6.06271219666085	4.96562452818538	-4.60128797573369	-0.0181831840267916	1.1851547481004	3.01673151674072	2.73918621390648	4.05698984442612	7.5094175016591	5.13412581178162	"PENG_CRA001160"
"T21|B_cell"	"T21"	"B_cell"	"PDAC_TUMOR"	1.04836001941115	5.34852211026466	6.10023265647572	-3.86015878995062	3.40785457965631	-5.19759092790466	-6.65048651939212	-2.70966993983544	0.773878747784108	0.190814388545813	-3.67832846627731	-0.380021408523565	-5.89532086383482	-3.99297852132636	4.82855201350954	2.02602412781882	4.27269624329926	-4.62050613690818	-0.301577704438389	1.39246464113886	1.5900846721053	1.63428678654714	4.15070477320287	5.93648639703305	3.90109256655608	"PENG_CRA001160"
"T21|T_cell"	"T21"	"T_cell"	"PDAC_TUMOR"	2.46060558609293	5.76839177661667	5.8332920886245	-3.92646582227843	4.42452920423304	-5.61609311340147	-7.24399836124953	-3.91444834827139	1.82987227617562	0.97035918856549	-4.13911012638951	-0.646206405682538	-6.56690844558341	-4.19077506617403	6.70487760928073	3.03894250978734	4.51598915490548	-4.25510584050212	-0.501681596593144	1.50729590315558	2.65127655675998	2.95414522376487	4.90225115052918	6.42512616796351	4.40837044432684	"PENG_CRA001160"
"T21|endothelial"	"T21"	"endothelial"	"PDAC_TUMOR"	3.77994458364511	4.34954661491712	6.59853541310338	-3.72493458834736	7.34311321262768	-6.93422608019634	-8.40972187293064	-5.23807778729324	2.66482625794843	1.24943643150429	-6.67255991119432	-1.58934833109944	-7.20975721168017	-5.84812138166095	7.34526346555968	4.27959775881308	4.9505786949506	-4.49043443939925	-0.0375478266590245	2.89914309804626	2.70742082357559	2.90504368309813	4.54020702566433	7.64405951676894	5.6838583629665	"PENG_CRA001160"
"T21|fibroblast_caf"	"T21"	"fibroblast_caf"	"PDAC_TUMOR"	3.82752382766049	5.01430560120878	7.30722122359504	-4.75256735263649	6.19550825648497	-6.33786790428358	-8.61241524831463	-4.40599339382647	3.03419419613612	1.16340029253163	-6.01354443100652	-1.30351607985304	-6.8519372763342	-4.84445669825774	6.59879567777613	4.37483179445507	4.73943848314344	-3.99013511417117	-0.369928906375795	2.35150899718622	2.86040582753179	2.32065418216628	4.40243427507667	7.32498485111868	4.724083017225	"PENG_CRA001160"
"T21|malignant_epithelial"	"T21"	"malignant_epithelial"	"PDAC_TUMOR"	3.28437848801647	5.38905956322437	6.93295903848332	-4.41063743549401	6.0045917295019	-6.58806098114208	-8.40839916827496	-6.19638996561468	3.63404587659736	1.37431168179552	-7.21129909611664	-1.93482728105623	-7.2752001553357	-6.10225964328521	6.97380159074664	6.85105361540863	5.26961830685249	-4.69134450818095	-0.420831098384976	0.857410157914883	3.02651269928432	2.42247322903128	4.72949700592124	7.37080316241621	5.27990814535852	"PENG_CRA001160"
"T21|myeloid"	"T21"	"myeloid"	"PDAC_TUMOR"	2.28542825451462	5.21786652579844	6.93921420583964	-4.49524651658369	6.14319881324403	-6.44010062948944	-8.07565840598365	-5.09070355915596	2.8492869165757	0.697044216096249	-5.68588237599034	-1.9587216946504	-7.84010278441587	-5.59915909700327	7.28795565338706	4.05399273264963	5.15160639364717	-4.70654138942954	-0.987933962620514	1.17672718575498	2.59947609560125	2.7056470091342	4.85951127214913	7.0857218446517	5.04159844127366	"PENG_CRA001160"
"T21|nonmalignant_epithelial"	"T21"	"nonmalignant_epithelial"	"PDAC_TUMOR"	2.34633414609945	4.7991191882325	6.45969107557743	-3.85406182454791	5.81144181196061	-5.64194698620285	-8.16221096534534	-5.01400568089045	3.28405711209011	0.72763073468042	-6.31447523562543	-1.0635409731996	-6.39948412185033	-5.8091958703166	6.66941632507504	6.07728455953885	4.40244819228168	-4.57940304411123	-0.984019863363855	1.19013515416149	3.21782492323578	2.60789083376981	4.57932155565324	7.68586033101801	5.3159003763001	"PENG_CRA001160"
"T22|B_cell"	"T22"	"B_cell"	"PDAC_TUMOR"	2.22574175875211	6.42894738985915	6.41569782752505	-4.40453992894152	4.27442465850601	-4.88295922805962	-7.27730284594172	-4.16704631113689	2.45327758969435	0.581509750393671	-4.55024066794857	-1.27482647759984	-6.11230926789053	-4.91813441688723	6.14344802316296	3.60286977300098	4.35558878408248	-5.19636040704455	-1.34974452825365	1.51162060851444	2.93985441268033	3.45314839211174	5.40986163835673	6.94137525509798	4.70138717117631	"PENG_CRA001160"
"T22|T_cell"	"T22"	"T_cell"	"PDAC_TUMOR"	2.56082566754355	6.23328087457931	6.29549257274361	-4.84841023010541	5.11581265031312	-5.36964693625807	-7.19629223424928	-4.85203263235596	2.65903147397052	0.479379530402334	-4.88627071086686	-1.43967312509182	-6.87765000914213	-4.96068841654587	7.09529977311588	3.68939833902826	5.59539619762262	-5.42932963911771	-1.01904306642162	0.98552387401735	2.80840779744176	3.57529658133057	5.02820972197838	6.4608101929022	4.72576940183482	"PENG_CRA001160"
"T22|endothelial"	"T22"	"endothelial"	"PDAC_TUMOR"	3.96315695795715	4.74586463251845	6.18153850931355	-5.09277872209059	7.6639913436016	-6.29871976558068	-7.588191227603	-5.21182583416779	3.59764855078827	1.52319626153427	-6.38659176967484	-0.849245634616439	-6.45567346860227	-5.25300501259085	7.56228893503606	4.18552413744397	5.6561627406595	-4.72831597726845	0.244602233641717	1.71720321690132	2.91740470715518	3.32979181882839	4.60991294536162	6.86379039708626	4.86490990401245	"PENG_CRA001160"
"T22|fibroblast_caf"	"T22"	"fibroblast_caf"	"PDAC_TUMOR"	4.22753152096831	5.16135126270868	7.16833348686648	-5.16201122373153	6.62353751854555	-5.56176142797864	-8.47665341372335	-4.76903628892009	3.29873455295654	0.577578734697072	-7.08701995597034	-1.32939550351882	-5.97280408770465	-4.7321370768924	6.36139722680742	4.29192538208959	5.53589569791673	-4.56452428395482	-0.549232796644505	2.92932790307639	3.47302237458851	2.63968349201505	4.44898807804765	7.53053158252035	5.20070109852868	"PENG_CRA001160"
"T22|malignant_epithelial"	"T22"	"malignant_epithelial"	"PDAC_TUMOR"	3.18854563325841	5.03305808780638	7.59326183996008	-4.61461467040565	6.89714754667262	-6.93777197507723	-8.77093907417661	-6.52320156193068	4.17864887308551	1.19351188717519	-8.00332282226269	-1.68319068165797	-7.4353046338042	-6.11919206578997	7.39336112867929	7.48097114786843	5.68595806506374	-5.24128806893656	-0.919282491321261	1.0568391015864	2.92159760196086	2.88225731236706	4.82470794324317	7.33204839993755	5.56748618304639	"PENG_CRA001160"
"T22|myeloid"	"T22"	"myeloid"	"PDAC_TUMOR"	2.57359757670487	5.54005530857579	6.92580689132923	-5.01988758855507	5.93475429056876	-6.51502519791263	-8.25646296735075	-5.51138098728082	3.01938184660464	0.714923648293021	-6.1847594110181	-1.81080082909527	-7.39150738844577	-5.73451524322677	7.5797218702545	4.68897662728154	5.81609536438048	-5.12753064728127	-0.510630961673801	1.27205256787583	2.90731347424662	3.18354205484908	4.75319708019052	7.03779021894221	5.05718004755223	"PENG_CRA001160"
"T23|B_cell"	"T23"	"B_cell"	"PDAC_TUMOR"	1.78597516163463	6.21453593863241	5.89793337344801	-4.89061417280744	4.58256032258781	-4.68644966516587	-7.2333796915428	-4.3861175450358	1.69587859647599	-0.271941048480271	-3.48768488864285	-0.903379498038554	-5.61747317946172	-4.56955606052518	5.89451093272559	2.66861277526828	4.56451919643896	-4.21095013175812	-1.91197991949006	1.34693846407678	2.51527053514518	3.3989543581511	5.36919490720532	7.06606546510003	4.62121947665654	"PENG_CRA001160"
"T23|T_cell"	"T23"	"T_cell"	"PDAC_TUMOR"	3.0240963547342	6.31948002628884	6.38516488873801	-4.87389287105378	5.5195998998673	-5.66193396059072	-7.64869935652905	-4.66788484745069	2.46966497055421	0.604028728896412	-4.86536130916381	-1.32106311371718	-6.34585381353605	-5.03446545366057	7.00008260375253	3.34794264553758	5.36103898552051	-4.9847955990737	-0.859703565422906	1.39730122799198	2.83148995808669	3.25698165494693	5.06703381866381	6.67275431063935	4.50415115734828	"PENG_CRA001160"
"T23|endothelial"	"T23"	"endothelial"	"PDAC_TUMOR"	4.2408072396914	4.88741461033907	7.44106782013251	-5.23850568527323	8.06004382812789	-7.04778939746598	-8.53970879628236	-5.60515647610735	3.34947018778804	0.693124139113025	-6.79451086181894	-1.11865467821182	-7.06203420022438	-5.67093955168973	7.64791536413443	3.72271656505227	5.84261534763629	-4.70866601550422	-0.416717871319317	2.43806709465734	3.10639410195557	3.18779820548645	4.86744581501676	7.89563955139827	5.28895879210871	"PENG_CRA001160"
"T23|fibroblast_caf"	"T23"	"fibroblast_caf"	"PDAC_TUMOR"	3.88712225480166	4.94441623138759	7.4994677508367	-5.17786675047278	6.69022268306749	-6.30718063865786	-8.73233880579614	-4.80625671043379	3.35615644149467	0.595382823937542	-5.64401183538085	-1.35993890570604	-6.33836095362072	-5.21453946190265	6.86361148133126	3.80884102407879	5.5393646493618	-4.3193850841734	-0.615463011511372	2.44122643387014	3.17577235926075	2.66712207659442	4.50234995674753	7.78286504719516	4.8094368896887	"PENG_CRA001160"
"T23|malignant_epithelial"	"T23"	"malignant_epithelial"	"PDAC_TUMOR"	3.58167051226238	5.64235438588645	7.84366710701567	-4.94514912261875	6.95017089053033	-7.22986116939197	-8.90529822914052	-6.82083404979119	4.45566824121096	1.36308417025382	-8.41220122813584	-1.85003349290648	-7.25497170058443	-6.36271948097627	7.81913731249628	8.11941563019536	6.20439528598328	-5.13448486095007	-0.511926076575584	1.39817541337757	2.92407878802763	3.00777578428652	4.97953086208238	7.96704752022157	5.69529196727674	"PENG_CRA001160"
"T23|myeloid"	"T23"	"myeloid"	"PDAC_TUMOR"	2.36908148542173	6.05075727996654	6.8866880418488	-4.92074424923298	5.89191843133048	-6.13952492448157	-7.96084412304503	-4.98347055829941	2.29194428662203	0.154397466008494	-5.2311906184738	-1.88377738534347	-6.68862673344431	-5.41528298391716	7.47815881876443	3.82176631480409	5.36491484210099	-4.69691747227807	-0.860124123791871	1.85028561680716	2.85415001918819	2.78485444555205	4.89398477137074	7.13224195273262	4.79409783625413	"PENG_CRA001160"
"T23|nonmalignant_epithelial"	"T23"	"nonmalignant_epithelial"	"PDAC_TUMOR"	2.94289739860276	4.75401250879641	6.16020249863044	-3.98953540022602	6.12675786421254	-6.11105931869619	-8.57505128266966	-5.5375853382331	3.86996529288918	0.00516709568827434	-6.51580869736854	-1.25972365234446	-6.62247939741991	-5.71454214574457	6.24950736535449	4.50482649883029	5.26259675028467	-4.71014951681406	-0.809045027871543	1.85706964993948	3.30808332509548	2.81771834581847	4.43128263604655	8.08273798466416	5.10820818478581	"PENG_CRA001160"
"T24|T_cell"	"T24"	"T_cell"	"PDAC_TUMOR"	2.5391719300816	6.10316821564492	5.91653821438891	-3.96122114622313	4.63552192062491	-4.35294575246487	-6.62538393442806	-4.0463064147117	2.31575678532606	0.145848494874217	-3.90100772861379	-0.512647288411164	-6.06885988857654	-4.48848603866241	6.34051960375999	2.8287688187764	4.79597208779813	-4.66599613444165	-0.171867012130617	1.20416157914324	2.65531727647423	2.98868989423501	4.93680731136482	5.82028973021837	3.75394004399908	"PENG_CRA001160"
"T24|endothelial"	"T24"	"endothelial"	"PDAC_TUMOR"	4.39173016808871	5.24672793235136	7.29789359959504	-5.06529156423985	8.46796465366315	-7.02944647582024	-8.58673402706259	-5.51469173587059	4.0406836928574	1.17668056205635	-6.82009275572415	-1.15703423797515	-7.31324353575358	-5.8560183292069	7.74670923820747	4.24049849471543	6.08970823588124	-5.05085225801254	0.0127743623052881	2.59727941683313	3.2935510140652	3.25303223284698	4.83771108953113	7.94370935591208	5.28838899768134	"PENG_CRA001160"
"T24|fibroblast_caf"	"T24"	"fibroblast_caf"	"PDAC_TUMOR"	3.98541046371331	4.88795831494206	7.28545948527208	-4.95780679803494	6.60428862051645	-5.97874594632107	-8.32998532650614	-4.74773512231275	3.41370329562933	0.778739491021078	-5.56719151280526	-0.726867291241984	-5.8208797592123	-4.73263440158611	6.35267182973083	3.91540812203041	5.63602537730454	-4.25356773981963	-0.767279070914205	2.51589655773093	3.42852173578845	2.53597415221323	4.25324529526104	7.28631722032806	4.59481028369816	"PENG_CRA001160"
"T24|malignant_epithelial"	"T24"	"malignant_epithelial"	"PDAC_TUMOR"	3.40094379040371	4.93966543845342	7.2719594219286	-4.59343052275404	7.15871590346543	-6.6068570152357	-8.68849017885314	-6.23236964794632	3.98332962875989	1.30694403502	-7.36856720812166	-1.76193146092009	-7.28489694929087	-5.73739000540139	7.23001520737943	7.08137570748546	5.83187784425952	-5.10275128555732	-0.888413074521572	1.46656589897131	2.80462205456699	2.69896243951481	4.75339598712498	7.46865051854531	5.49327970447559	"PENG_CRA001160"
"T24|myeloid"	"T24"	"myeloid"	"PDAC_TUMOR"	2.79757339884482	5.5106748395403	6.53238118158022	-4.79175666480016	5.74160375058197	-5.87094691453355	-7.61703786964365	-4.60081419858677	2.48420108715587	-0.0278231315790887	-5.13431655178822	-1.26044874173103	-6.48905840082193	-4.47337264274765	7.03458897777218	3.79335360921028	5.78599396176506	-4.79891774289447	-0.836946855884295	1.74444873457815	2.60311356391538	3.02594750982538	4.70372308945645	6.86751520299397	4.49109832252412	"PENG_CRA001160"
"T24|nonmalignant_epithelial"	"T24"	"nonmalignant_epithelial"	"PDAC_TUMOR"	2.92952529111797	5.11713087108513	6.48672809637679	-4.50689131549483	6.56577559486276	-5.64571798506045	-8.52252503531797	-5.35461430237881	3.87701821940406	0.759408699165161	-6.11047613235553	-1.30307394347927	-6.07679623420041	-5.15626085130322	6.68171896360217	5.57174340567531	5.10977801585071	-4.83738693140754	-0.732941732728691	1.64962401341523	3.53114149521271	2.76038098750381	4.15134779943489	7.44345479187397	4.83441307180888	"PENG_CRA001160"
"T2|B_cell"	"T2"	"B_cell"	"PDAC_TUMOR"	1.73189703075334	6.14633097005178	5.53474066964283	-4.69051820502679	4.44459899755901	-4.91554873420454	-6.95125191165084	-3.8728460643431	1.92220443294433	0.0535381990589956	-3.73415236228868	-0.645905024126218	-5.97075006973917	-4.44878285016056	6.31061614182411	2.36044952760181	4.62613287578653	-5.30764363608072	-1.16910340266423	1.38915903727483	2.90518468269016	3.24042234023559	5.14648243702356	7.07263276706616	4.66077089926128	"PENG_CRA001160"
"T2|T_cell"	"T2"	"T_cell"	"PDAC_TUMOR"	2.56145134721099	6.4420375210525	5.8825892326662	-4.81118997070115	4.93538152560999	-5.12663531996325	-6.97646498273234	-4.21179281296041	1.94061761566842	0.069906960380273	-4.03590938797467	-0.687251394161983	-6.22882645907612	-4.73185673420436	6.54002382245739	2.31953609837527	4.77857413561071	-5.29123498899408	-0.802839545081431	1.45105371158996	2.82419361872702	3.58967832722291	5.09998309478145	6.68407885539528	4.6921828022066	"PENG_CRA001160"
"T2|endothelial"	"T2"	"endothelial"	"PDAC_TUMOR"	3.7627617731881	5.00533546903009	6.73443981286535	-4.92198407455773	7.87543344015303	-6.65616725588597	-8.23453295810474	-5.28053251509651	3.53403174196029	0.597580516973173	-6.25333859577989	-0.588781965027159	-6.94332028099719	-5.61109123288876	7.57022196958318	3.4860989894292	5.64893120990798	-5.01131072831311	-0.0261216813909353	2.33589077467967	2.85933350912889	3.42487666704231	4.9949742988005	7.5476015483451	5.03869335758147	"PENG_CRA001160"
"T2|fibroblast_caf"	"T2"	"fibroblast_caf"	"PDAC_TUMOR"	3.41526177162856	4.82206475069832	6.15362284193717	-5.30590293077393	6.18691523251121	-5.57637543547633	-8.01501343078721	-4.23468961099478	2.51818476632322	0.433240306837332	-5.65717480585688	-0.39239273902217	-5.66070140502687	-4.38029358938681	6.06955894692365	2.46243232569203	4.91870059147681	-4.54807456690825	-0.48666289983199	2.46348197421357	3.47800496401654	2.62555165309644	4.50075610069364	7.00402317101088	4.91800717761037	"PENG_CRA001160"
"T2|malignant_epithelial"	"T2"	"malignant_epithelial"	"PDAC_TUMOR"	2.33724000153725	4.83735813485049	6.84202903444211	-4.44792038761893	5.61535529415647	-5.61824261937747	-7.93155678971871	-5.50923851567185	3.41557253337685	0.552864525385507	-6.21497108538856	-1.01506735875013	-6.09231295856996	-5.54604380462856	6.43795637999045	6.58341582163317	5.07770231189224	-4.69181114912471	-0.324572710903988	0.913429209496825	3.280721596315	2.55057476852007	4.87837797625596	7.29000845453535	5.28595095292811	"PENG_CRA001160"
"T2|myeloid"	"T2"	"myeloid"	"PDAC_TUMOR"	2.14329081654654	6.10518143312588	5.87283296722589	-5.07538304369148	5.57653233467105	-5.66250081899964	-7.7640368676621	-4.56630458412963	2.33140393685724	-0.00689773723330931	-4.6151813556075	-0.893560453635582	-6.16557192683778	-5.11477035234193	7.11808171733444	3.20338263149621	5.15971540236772	-5.11180576726425	-0.580239075860328	1.5908144593066	2.75333112164566	3.17495142076963	4.93627975427023	7.05792692238574	4.67583594676222	"PENG_CRA001160"
"T2|nonmalignant_epithelial"	"T2"	"nonmalignant_epithelial"	"PDAC_TUMOR"	2.8065116673686	4.99610837178666	6.13020099842087	-4.36292145267527	6.11194972899599	-5.37435683086183	-8.03072587514894	-5.0207008653578	3.4808325574516	0.194996403738905	-5.77489455070553	-1.09782957469175	-5.74969851220104	-5.08556569229663	6.52493709447057	5.82610632873031	4.65784053419595	-4.85611545599079	-1.13363324757375	1.32703221658129	3.27238647129135	2.98483817071823	4.50649434664233	7.27158269638553	4.6476799847276	"PENG_CRA001160"
"T3|T_cell"	"T3"	"T_cell"	"PDAC_TUMOR"	3.01399410189372	6.2903541658307	5.89278885958459	-4.63756642907153	5.26552408064657	-5.59556946071334	-7.49753141349545	-5.08473567780542	2.32856556113897	0.354385027249112	-4.31205831827642	-0.825503723049086	-6.87085686479011	-5.20636602709647	6.94376342930359	3.46530396880441	5.11150179316078	-4.91675977022196	-0.294838651703556	1.71213343815271	2.91483153271234	3.32688715279372	5.1246821532142	6.38790081416793	4.9017977300322	"PENG_CRA001160"
"T3|endothelial"	"T3"	"endothelial"	"PDAC_TUMOR"	4.3612889555729	4.80177664436853	7.4070435203395	-5.11969341753664	8.42583896721924	-7.20869438970315	-8.57132413073763	-6.20431457268165	3.65989090572877	1.05106259168803	-7.0852871020562	-1.60920111139187	-7.51960654668443	-5.95078556853184	7.7476730625656	4.85732635192827	6.46044248654167	-4.90565636082569	-0.0548928300025928	2.34671279550802	3.017354653115	3.32230752756042	4.65427136334927	7.71223365446855	5.13949658878553	"PENG_CRA001160"
"T3|fibroblast_caf"	"T3"	"fibroblast_caf"	"PDAC_TUMOR"	4.32532642561753	4.78449620644196	7.46274906614204	-5.14332268766555	6.99710081622073	-6.21619769663445	-8.55346234209448	-4.99815210272381	3.30831594490557	0.597774274740227	-6.23925768328246	-1.46684860148566	-6.34557353927491	-5.35554020070029	6.80702687815039	4.0000294225534	6.06194965136355	-4.52392886434686	-0.380712302336195	2.77965540383852	3.33302508107499	2.76834309657852	4.44846685631802	7.39083875826375	5.10773807603585	"PENG_CRA001160"
"T3|malignant_epithelial"	"T3"	"malignant_epithelial"	"PDAC_TUMOR"	3.57176767119612	4.94364807875015	6.76781316297401	-4.87240180459442	6.56436901396033	-6.41189015312673	-8.37663789686143	-6.37851864049971	3.67411215806195	0.987109944909492	-6.9816510815639	-1.9335643795427	-7.21701462723552	-6.28190203230106	7.40331817175251	6.80365393763276	5.97844021635406	-5.1308393111298	-0.415894073453257	0.575901713498921	3.00196992642173	2.8766664292476	4.8534741235846	7.35869505991385	5.80757225408274	"PENG_CRA001160"
"T3|myeloid"	"T3"	"myeloid"	"PDAC_TUMOR"	3.14611005200903	5.46322388591802	6.5397474946226	-4.80104490508338	6.13667772551418	-6.34031728943136	-8.13230635014442	-5.36140951865329	2.9570457260257	0.357860509338492	-4.90730229625278	-1.41439403320798	-7.33306141138214	-5.82093403610286	7.8362440544252	3.88971624280641	6.17417346838329	-4.95996998480989	-0.1045983469056	1.40348473581417	3.07982315118022	3.3411531581145	4.88604511696418	7.18184419043951	4.84078532573184	"PENG_CRA001160"
"T4|B_cell"	"T4"	"B_cell"	"PDAC_TUMOR"	2.36556971106551	4.99611004072905	5.20831812212867	-4.47019935481224	4.70816469052905	-5.02702535162536	-6.91713627821425	-3.99420553157737	1.80895456288435	0.661983954698923	-3.92885337924819	-0.668856372287126	-5.84699526251198	-4.67186829559445	6.25447415914726	3.06248877144564	4.82483032549552	-4.27703809514932	-0.716114866559976	1.15579923891458	1.87807951980431	3.1456256584521	4.93755241709384	6.94369656790631	4.2006209177692	"PENG_CRA001160"
"T4|T_cell"	"T4"	"T_cell"	"PDAC_TUMOR"	2.64029921998004	6.31662591203129	6.34395555194451	-4.38614599507886	5.68690847243528	-5.77263329488461	-7.37666618287215	-4.79115032920701	2.75313188891354	0.845400763751607	-4.75374426379861	-0.992344694061678	-6.62518762542238	-5.24157348422982	7.03134788366234	3.47924081057519	5.02333600839194	-5.30953122957736	-0.61638262111212	1.12888816439725	2.48661623837753	3.5553779858695	4.77641352946985	6.72727748567082	4.450890333184	"PENG_CRA001160"
"T4|endothelial"	"T4"	"endothelial"	"PDAC_TUMOR"	3.88489091006835	4.65686282070718	6.94721697629502	-4.4100000165919	8.06785872852489	-7.36193406980581	-8.53589579265208	-5.79194896940621	3.77614040055595	0.96450248051337	-7.08292159504495	-0.884204044985711	-7.31622213444675	-5.90279635627679	8.04386941689412	4.94944229771431	6.14915830414097	-5.08891055364639	-0.0729202762916244	2.51497308322368	3.40520602656124	3.49466978935987	4.71645839973414	7.80347256326476	5.62875702265751	"PENG_CRA001160"
"T4|fibroblast_caf"	"T4"	"fibroblast_caf"	"PDAC_TUMOR"	3.93200173240017	5.18519113107697	7.28248921975424	-5.1590620044551	6.85138099045953	-6.28305462679072	-8.4159134691053	-5.09160861749789	3.41736829271682	0.673175806983344	-5.86620069767653	-1.30172152939807	-6.20636909965472	-5.13914813909194	6.60768876549149	4.35351031725223	5.16769868059695	-4.36144894900553	-0.287424124815792	2.56248583120166	3.63458342591936	2.66450507563914	4.57911595531377	7.69377598202957	5.02332651748895	"PENG_CRA001160"
"T4|malignant_epithelial"	"T4"	"malignant_epithelial"	"PDAC_TUMOR"	3.42455945337735	5.12406602364918	7.01205055756225	-4.45488332014714	6.93548034511906	-7.12075506048233	-8.57308768646498	-6.82481277278801	3.71255836615369	0.899221880163547	-7.24712127936081	-1.59955786777728	-7.22072403629354	-6.21235140240194	7.56993469330932	7.29260950894922	5.58501275258475	-5.14243442959668	-0.562954228106699	0.83513257323855	2.65301792765157	2.94556201356252	4.79795305351927	7.99281334240508	5.4493831350149	"PENG_CRA001160"
"T4|myeloid"	"T4"	"myeloid"	"PDAC_TUMOR"	2.81819011426988	5.48802652612661	6.59729961806024	-4.92480595221326	6.200956660668	-6.60349378273723	-7.96977377405693	-5.54272464196157	2.83331827619308	0.645096550375939	-5.68155158018141	-1.77367634635376	-7.25858713091243	-5.62878983030619	7.33989203774796	4.05874348706671	5.53574668616496	-4.9932697715098	-0.693738347594601	1.60606464742566	2.69797489337236	3.33415589265915	5.02651939933931	6.81897952021965	4.78320822009833	"PENG_CRA001160"
"T5|T_cell"	"T5"	"T_cell"	"PDAC_TUMOR"	2.36457582925896	5.56511612664291	5.39851593496441	-3.90736346197314	4.56141718233999	-5.15260847838873	-6.34984218685777	-4.29046421305038	1.7387364274173	0.435456850914092	-3.49308385631575	-0.896104989384296	-7.1338080757411	-5.43650449738854	6.22554588832216	2.30763941391563	4.3944949090584	-4.14950847088171	-1.08880340332321	1.71092142143794	2.35014595111858	2.46801743515264	5.40761455787758	6.0602933969466	4.21009471123116	"PENG_CRA001160"
"T5|endothelial"	"T5"	"endothelial"	"PDAC_TUMOR"	3.97779573296541	4.77905744538804	7.2672214215916	-4.77448833681486	7.77712601706231	-6.79180452206622	-8.15369384130294	-5.38583571494404	3.56011353956386	1.24381880823846	-6.16955162069334	-1.31584485379879	-7.87669378420511	-5.6772474803115	8.06337744467599	4.25027974522885	5.88864257368745	-4.56218113744675	0.163966386340127	2.5687737748995	2.85901970622726	2.95263921948916	4.51402215717448	7.59176432090351	5.08003540872123	"PENG_CRA001160"
"T5|fibroblast_caf"	"T5"	"fibroblast_caf"	"PDAC_TUMOR"	3.88113213277179	4.58760057365789	6.64787304047029	-4.72161152056143	6.48929740449311	-5.68776388367482	-8.16802495968397	-4.56631159756738	2.76295577514062	0.554343470299509	-5.68188749033174	-0.79990976849812	-6.04906752466106	-4.73809065222746	6.75769031786927	3.27770636458366	5.2699691541777	-4.37099865919514	-0.132079142107639	2.66965639411076	3.20572459147371	2.49300694366627	4.44192329810836	7.02419722464025	4.76427193053994	"PENG_CRA001160"
"T5|malignant_epithelial"	"T5"	"malignant_epithelial"	"PDAC_TUMOR"	2.92561787244007	5.04950257797096	6.5314555859527	-4.87365440377312	6.08601222722261	-5.95062587337512	-7.8305015311453	-6.07477631487863	3.37067054055099	0.701606651302716	-6.49841803391605	-1.53161092686026	-6.9469576053671	-5.85156368081627	6.62982524823538	6.28402979880905	5.38444595585687	-4.66767529350111	-0.000558607800805283	0.747593314500113	2.83684850567867	2.44538874367108	4.64412964556958	6.95081276056959	5.24121783590939	"PENG_CRA001160"
"T5|myeloid"	"T5"	"myeloid"	"PDAC_TUMOR"	2.793806608159	5.32556983510097	6.5772193450191	-4.89306063817023	6.16856697774186	-6.06051921019934	-7.87018921799842	-4.83343986510622	2.47520758031711	0.234574157690236	-4.93972978495227	-1.43458517797058	-6.91297823594146	-5.4355381546958	7.54266367360192	3.63017639677808	5.35150563708257	-4.50864313661741	-0.667462868176727	2.06811646926615	2.60891140962065	2.75212624792909	4.84731456375348	7.00411561623362	4.59595743976005	"PENG_CRA001160"
"T5|nonmalignant_epithelial"	"T5"	"nonmalignant_epithelial"	"PDAC_TUMOR"	3.45975358301904	4.88092371246106	6.85990074334934	-4.61502132688099	6.72730168070883	-6.07034280530189	-8.5189336081572	-5.63657136666485	3.8128180592376	0.997239100284301	-6.47097711265151	-1.05863522711424	-6.77865332618889	-5.41431209864266	7.12978565938889	5.88976848988913	5.32036884527045	-4.56647040126789	-0.539950292885508	1.97052382367178	3.16464671558908	2.80251354802723	4.37114820631951	7.65911395147505	4.93704712105371	"PENG_CRA001160"
"T6|T_cell"	"T6"	"T_cell"	"PDAC_TUMOR"	1.99043086913299	6.12172343661644	4.8946845160981	-4.3735234004323	4.60283025848292	-4.11675230247599	-6.62469145632351	-3.4274271864228	2.34233325756033	0.685936894571332	-4.04916428231542	-0.15893237412348	-6.35530617581806	-4.29613004769458	5.8003645700528	2.58878546767185	5.1471163559159	-4.49866440704435	-0.582395371915904	1.09629538490397	2.86083177632887	2.88824099956649	4.74336503340512	5.45903320719197	3.89351880899697	"PENG_CRA001160"
"T6|endothelial"	"T6"	"endothelial"	"PDAC_TUMOR"	4.2302099349523	5.1365116274131	7.10840769608138	-5.00023230365774	7.87524621008302	-6.72832479858251	-8.5245307036398	-5.45655061187583	3.82434203983393	1.57243453820904	-6.52324068208758	-1.5933651151054	-7.57705293922806	-5.88954248243458	7.93485284417481	4.99885018533783	5.92155848315739	-4.85446210924287	-0.0919384294001996	2.25665710683242	3.24185168509135	3.30650575157188	4.73351489730429	8.0205537316064	5.4156602114279	"PENG_CRA001160"
"T6|fibroblast_caf"	"T6"	"fibroblast_caf"	"PDAC_TUMOR"	3.91513531649794	5.23021169213492	6.71253313386832	-5.18223228010932	6.56691006816203	-5.81975793304669	-7.99319650875073	-4.70261270341804	3.19895294115194	0.963367781150655	-5.57389438526096	-1.43709677353282	-5.96622223931966	-4.83773404827996	6.10950189887043	3.76622958229894	5.23845179800568	-4.32901351863752	-0.0267093062709165	2.26516302835071	3.51015145207909	2.85906233058655	4.29284000487592	7.00268853097269	4.66487309018162	"PENG_CRA001160"
"T6|malignant_epithelial"	"T6"	"malignant_epithelial"	"PDAC_TUMOR"	3.5143560969145	5.42406772442113	7.02335483439122	-5.23289351594211	6.67616400910474	-6.4251095234011	-8.53001021437729	-6.23236021753182	3.77814273463421	1.99208294031962	-7.85915601976519	-1.92537272762828	-7.00331039723569	-6.08271989669914	7.03917381424665	7.33456230807251	5.54749190768187	-5.30517038095882	-0.0365545325338789	1.118778629333	3.36194294150607	3.09375924077933	4.70537543176985	7.54797334626523	5.56541527270069	"PENG_CRA001160"
"T6|myeloid"	"T6"	"myeloid"	"PDAC_TUMOR"	2.69639924445175	5.84461078200803	6.43237271609547	-5.2857549653008	5.97414402190311	-5.92920973365787	-7.7287431952616	-5.33219860560839	2.75265521345197	0.417204994452205	-5.30135528945518	-1.43313918248514	-6.8742127384881	-5.39120126634893	7.10812802654199	4.12043205345413	5.46379319343828	-4.54220859653735	-0.725058352354045	1.67665779044443	2.88667778784527	3.28705266762848	4.69615515671523	7.12502004182737	4.58599212932167	"PENG_CRA001160"
"T6|nonmalignant_epithelial"	"T6"	"nonmalignant_epithelial"	"PDAC_TUMOR"	2.94436640636942	5.15008106201849	6.42266512474565	-4.50192397279026	6.50296361342294	-5.65003039084551	-8.34152780317433	-5.45162640138041	3.65187760553899	1.25375410640523	-6.30561195441146	-1.29496344510794	-6.30041080894045	-5.54521902834266	6.59687072915516	5.88294089630528	4.95989810410714	-4.88538742126739	-0.722765130663438	1.17086776732592	3.66352943525914	3.05213469635218	4.3096821271232	7.43450455366311	5.00624743306238	"PENG_CRA001160"
"T7|endothelial"	"T7"	"endothelial"	"PDAC_TUMOR"	4.47053494962688	4.82891948944635	7.1361106813919	-4.87488952974563	8.15842867851825	-7.14037280342886	-8.47066482194482	-5.53542076759535	4.12948221283167	1.1222833386453	-7.32229707582345	-1.44435032486356	-7.9023773076815	-5.82647648872016	8.24651265518084	4.73461438932729	5.80736751028781	-5.02296975023111	-0.0244642236569972	2.47462563439012	3.17772627561674	3.40601727622269	4.63814472102645	8.5707374446581	5.84895684518499	"PENG_CRA001160"
"T7|fibroblast_caf"	"T7"	"fibroblast_caf"	"PDAC_TUMOR"	4.15126259518599	5.11083024596684	6.90555147716371	-4.81474748909215	6.54335791273334	-5.86377601896413	-8.41430374196171	-4.79124462176645	3.40159593713236	0.535736553794791	-5.93285853747194	-1.09349492290095	-5.87795107291999	-4.89417047653958	6.41451230012048	3.56150386888014	5.33725290795769	-4.42142556764366	-0.133736824758748	2.68639422744006	3.37206481528802	2.74183039906714	4.34064802382669	7.46828272041747	4.96705622738628	"PENG_CRA001160"
"T7|malignant_epithelial"	"T7"	"malignant_epithelial"	"PDAC_TUMOR"	3.25825553812809	5.04731187718349	6.65860888089991	-4.39794029444084	5.42347399995702	-5.74319380926041	-7.87072668807899	-5.78646840689545	3.61394369831302	1.37285159982779	-6.88905252607429	-1.33717604604514	-7.04823736947662	-6.0091611840436	6.81593198393638	6.51412665783517	5.19176691418737	-5.08563867930833	-0.917495266650635	0.597085181798358	3.02121252203398	2.72879843011052	4.5235453088912	7.26053170075811	5.16114855723961	"PENG_CRA001160"
"T7|myeloid"	"T7"	"myeloid"	"PDAC_TUMOR"	1.87095534074155	4.8617998994958	5.79971580818372	-5.40208865702747	5.57916652033937	-5.83189696889701	-7.09762505350199	-4.75467235296179	2.4853675821483	0.69915925607628	-4.99979849588498	-2.15391413757166	-6.17355791876323	-4.85590584816699	6.4004517372223	3.17733984031768	5.15869508115824	-4.24322046926741	-0.896410185235937	1.71655319908907	2.26944545214739	2.11425120356767	4.72448611212086	6.43877909303402	3.65593215023999	"PENG_CRA001160"
"T7|nonmalignant_epithelial"	"T7"	"nonmalignant_epithelial"	"PDAC_TUMOR"	3.08533134388911	4.87781600741854	6.24915151474662	-4.08499153476189	6.1867177763319	-5.603247824538	-8.24354353394862	-5.5207277423466	3.78415172462831	0.954623674511414	-6.21788434251618	-1.11541716382733	-5.90827896718939	-5.48781135328377	6.48967408535749	5.73911762591077	4.69971088362626	-4.94067894242954	-0.863429363392464	1.13178375304547	3.60259818944531	2.82832435454651	4.35484376230848	7.48723491599238	4.94544632729634	"PENG_CRA001160"
"T8|T_cell"	"T8"	"T_cell"	"PDAC_TUMOR"	2.30242216352554	5.90453063686833	6.09365566174109	-4.17112507951957	4.44177813910541	-5.37065783675365	-7.285440821038	-4.23438752117355	2.99127869849292	1.12047710166597	-4.2265965304203	-1.4648719984162	-6.11626567348425	-5.20724978058571	7.00210490073605	3.6416445002672	4.31688590691345	-4.47376371541759	-0.344018138579928	1.61550687676144	1.96517069806071	3.12843177733602	5.24187723247259	6.61379944633511	4.5239392134616	"PENG_CRA001160"
"T8|endothelial"	"T8"	"endothelial"	"PDAC_TUMOR"	3.34341851942318	4.0549893175418	6.50702310592084	-3.79206864710624	7.76390269607156	-6.48953986594351	-8.26162551642027	-4.6346824209537	2.50621046963892	1.11404621578991	-5.67038704655572	-1.3926208258763	-6.64738644885994	-5.40330465983537	7.83158354902095	4.30697998868815	4.99998052244603	-4.21881683160644	0.305209328611547	2.50842066959943	2.08458453687492	2.1833453811573	4.6442975641623	8.15182225469555	5.15252950507804	"PENG_CRA001160"
"T8|fibroblast_caf"	"T8"	"fibroblast_caf"	"PDAC_TUMOR"	2.77470145773046	4.09728483978537	6.45380462880972	-4.82386107822507	6.25312053026043	-5.95162957518427	-8.59807601068138	-4.48992141041314	3.15201077915929	0.579005629247204	-5.30404726072472	-0.85815764591975	-5.9658978233551	-4.47605585131095	6.31270199615615	3.83465492893004	4.23396159768446	-4.227135027264	-1.14387774613281	2.95531066843341	2.3585850812716	2.5688514347672	4.40702716017461	7.72825714739904	5.16149604501871	"PENG_CRA001160"
"T8|malignant_epithelial"	"T8"	"malignant_epithelial"	"PDAC_TUMOR"	2.42423313497094	4.81826970412079	6.4652835516442	-4.1996258704996	5.46138634793524	-6.13307544097861	-7.94094339061333	-5.94002485079467	3.26292756167976	1.70292961626422	-6.3097329243085	-1.57382778540323	-6.75951905272008	-6.13120334648726	6.44828473441373	7.22316786616639	5.21316658304211	-4.77464888475639	-0.296805443812769	0.556213798227115	2.37495239843375	2.68177926671842	4.5318478072542	7.3774287483135	5.44609560779974	"PENG_CRA001160"
"T8|myeloid"	"T8"	"myeloid"	"PDAC_TUMOR"	1.65288217185224	5.12595266642406	6.81553334959223	-4.22708060208626	5.23268572790342	-6.05686746463428	-7.87162210822106	-5.31780718114523	2.6805475351528	1.04098280157268	-4.68730317406977	-2.17482890671825	-6.8625150786743	-5.25306175199749	7.48061487480584	4.20477484152117	5.2169755146713	-4.16768579448845	-0.0726306177568568	1.469787939429	2.29270790879577	2.68423358772464	4.79526673704124	7.37816341176445	4.88339910561637	"PENG_CRA001160"
"T9|fibroblast_caf"	"T9"	"fibroblast_caf"	"PDAC_TUMOR"	3.71638155650641	4.87380988472709	7.33929856592596	-4.93941167921994	6.46989483149699	-6.21877889444482	-8.35326577719292	-5.21858241019358	3.38792132168353	0.788731911266179	-5.81959637108816	-1.37878854659053	-6.13666410183629	-5.21745069709341	6.35556562266084	4.34229225540556	5.43010567492381	-4.3389559652915	-0.247176503686371	1.87120917480726	3.49931698687608	2.47591289871592	4.39844774809408	7.42349269807321	4.89707319750616	"PENG_CRA001160"
"T9|malignant_epithelial"	"T9"	"malignant_epithelial"	"PDAC_TUMOR"	3.37981533709675	4.96851425577317	7.21406438793609	-4.78587695324762	6.30081701002108	-6.21633772986308	-7.98132451301747	-6.11069918020745	3.42413716458163	1.06119928443058	-6.87391601988419	-2.10363113783184	-6.76354898565127	-5.98652278778148	6.36544131244542	6.05339108844935	5.64441712938469	-4.86638202631301	-0.278159449382906	0.652241237158566	3.79109650269336	2.6257882663796	4.4646658359792	7.03036445492022	5.36439778812142	"PENG_CRA001160"
"T9|myeloid"	"T9"	"myeloid"	"PDAC_TUMOR"	2.63666440667021	5.5825067214476	7.01656449573107	-4.80338226746441	5.77381274141265	-6.04923056718169	-7.97112157808891	-5.38237469357664	2.85335515480189	-0.0965180898302542	-5.99635665921628	-1.89077931976031	-6.9302377598426	-5.59527126466156	7.11391800448676	4.15070001345755	5.37395787423715	-4.314845478704	-0.650292552677826	1.4777997999011	2.9925372910019	2.76012244861994	4.90122627746696	6.84708335287837	4.78721098480873	"PENG_CRA001160"
"T9|nonmalignant_epithelial"	"T9"	"nonmalignant_epithelial"	"PDAC_TUMOR"	3.36666633952645	4.51694520156398	6.77753501053964	-4.37757997834771	6.22440840921652	-6.12614566526716	-8.20059987378786	-6.10444225413925	3.7500879534949	0.987090556130681	-6.54064675938541	-1.60092310394131	-6.30981086956904	-5.89925927858625	6.59664836001098	6.19123748487241	4.64235958820244	-4.76200989492154	-0.390064889949164	1.15773748300703	3.47328762665276	2.4569408907811	4.3597680988253	7.85958533539044	5.15311674607264	"PENG_CRA001160"
