feature_name	cohorts	synthesis_method	pooled_effect	ci95_low	ci95_high	tau2	Q	I2	leave_one_cohort_out
BHLHE40	3	DerSimonian-Laird_random_effects	0.14263741313087733	0.04535338803350239	0.23992143822825227	0.0	0.38891548505564055	0.0	TCGA_PAAD:0.1146;GSE71729:0.1311;GSE62452:0.156
CTCFL	3	DerSimonian-Laird_random_effects	0.030031626194583303	-0.06694538628372175	0.12700863867288836	0.0	1.2433414959555302	0.0	TCGA_PAAD:0.08641;GSE71729:0.06161;GSE62452:0.01639
E2F6	3	DerSimonian-Laird_random_effects	0.03884450876425049	-0.0630093004734813	0.1406983180019823	0.0	0.8483255720517625	0.0	TCGA_PAAD:-0.01675;GSE71729:0.007444;GSE62452:0.05341
ELF1	3	DerSimonian-Laird_random_effects	-0.1657269883426513	-0.26909844153237933	-0.06235553515292325	0.0	0.7841573752880948	0.0	TCGA_PAAD:-0.1465;GSE71729:-0.1981;GSE62452:-0.1705
FOXK2	3	DerSimonian-Laird_random_effects	0.3216914973582757	0.20505390574926244	0.43832908896728895	0.0	1.3000996583374111	0.0	TCGA_PAAD:0.306;GSE71729:0.2559;GSE62452:0.3379
GFI1B	2	cohort_specific_only							not_applicable
GRHL2	3	DerSimonian-Laird_random_effects	-0.00890367653427356	-0.106132903642677	0.08832555057412989	0.0	0.7375062282357756	0.0	TCGA_PAAD:0.02225;GSE71729:-0.01544;GSE62452:-0.02657
HALLMARK_PROTEIN_SECRETION	3	DerSimonian-Laird_random_effects	-0.0010245311142326175	-0.002127278578405608	7.8216349940373e-05	0.0	1.056036410442721	0.0	TCGA_PAAD:9.672e-05;GSE71729:-0.0008313;GSE62452:-0.0003874
HALLMARK_SPERMATOGENESIS	3	DerSimonian-Laird_random_effects	0.009221729103974586	0.00607961643070134	0.01236384177724783	0.0	1.4110716465967323	0.0	TCGA_PAAD:0.01353;GSE71729:0.0122;GSE62452:0.009497
IRF3	3	DerSimonian-Laird_random_effects	0.05294423262089959	-0.06683558300906887	0.17272404825086807	0.0	1.9625471344310892	0.0	TCGA_PAAD:0.08213;GSE71729:0.1326;GSE62452:0.008293
JUNB	3	DerSimonian-Laird_random_effects	0.11107221933065972	0.010242326983782357	0.21190211167753709	0.000603258595616984	2.164260019060583	0.07589661945142874	TCGA_PAAD:0.06207;GSE71729:0.1517;GSE62452:0.1182
KDM5B	2	cohort_specific_only							not_applicable
KLF1	3	DerSimonian-Laird_random_effects	-0.053416283535814256	-0.14935765617846405	0.042525089106835536	0.0	1.0413062296424607	0.0	TCGA_PAAD:-0.09205;GSE71729:-0.04257;GSE62452:-0.03819
KLF13	3	DerSimonian-Laird_random_effects	0.04702634073830887	-0.07688211942236754	0.17093480089898527	0.0	0.4285798517351063	0.0	TCGA_PAAD:0.0194;GSE71729:0.06866;GSE62452:0.03597
KLF9	2	cohort_specific_only							not_applicable
MAFF	3	DerSimonian-Laird_random_effects	0.11644619694858654	-0.016883140966880372	0.24977553486405346	0.0052089062408269445	3.172529070059781	0.36958812485765075	TCGA_PAAD:0.06553;GSE71729:0.05631;GSE62452:0.1762
MBD1	3	DerSimonian-Laird_random_effects	-0.00260561407500217	-0.10700981600302982	0.1017985878530255	0.0	0.33032779786355926	0.0	TCGA_PAAD:-0.03125;GSE71729:0.001374;GSE62452:-0.004553
MBD2	3	DerSimonian-Laird_random_effects	0.10691856637857627	-0.0354454478566289	0.24928258061378145	0.0	0.2101288698652733	0.0	TCGA_PAAD:0.1244;GSE71729:0.1143;GSE62452:0.08383
MEblack	3	DerSimonian-Laird_random_effects	0.010093157298183069	0.005641566658959859	0.014544747937406278	1.0599785320047144e-05	6.448128473070902	0.6898324826571723	TCGA_PAAD:0.01106;GSE71729:0.007896;GSE62452:0.01223
MEblue	3	DerSimonian-Laird_random_effects	0.01591938634789401	0.009855107565146713	0.021983665130641306	1.980593305847302e-05	6.737839275216873	0.7031689361667617	TCGA_PAAD:0.01941;GSE71729:0.01372;GSE62452:0.01721
MEgreen	3	DerSimonian-Laird_random_effects	-0.02883542646353328	-0.03390214918111194	-0.02376870374595462	1.164040489064811e-05	4.812326693920437	0.5844006179948957	TCGA_PAAD:-0.03166;GSE71729:-0.02675;GSE62452:-0.02956
MEgreenyellow	3	DerSimonian-Laird_random_effects	0.002415457426801347	-0.0013526134473442015	0.006183528300946896	5.481411657900156e-06	3.9687308781899615	0.4960605640984783	TCGA_PAAD:0.001036;GSE71729:0.004029;GSE62452:0.0004218
MEpurple	3	DerSimonian-Laird_random_effects	-0.0029122472544763616	-0.01429584079925668	0.008471346290303957	5.338626039216862e-05	4.234190216743846	0.5276546641454315	TCGA_PAAD:-0.008326;GSE71729:7.078e-05;GSE62452:0.001297
MEred	3	DerSimonian-Laird_random_effects	-0.007573998830850853	-0.017054900772351552	0.0019069031106498458	5.450445527943915e-05	9.10240307845295	0.7802778032611668	TCGA_PAAD:-0.01204;GSE71729:-0.004272;GSE62452:-0.00753
MEtan	3	DerSimonian-Laird_random_effects	-0.004476878022966378	-0.010764808137027591	0.0018110520910948344	2.6294637234422574e-05	14.65277996993867	0.863507129425054	TCGA_PAAD:-0.001611;GSE71729:-0.005582;GSE62452:-0.007276
MNT	3	DerSimonian-Laird_random_effects	0.11873915645040649	-0.01562848661200393	0.2531067995128169	0.004529926563261427	2.9336051932586282	0.31824500290769736	TCGA_PAAD:0.06211;GSE71729:0.1683;GSE62452:0.1168
MXI1	3	DerSimonian-Laird_random_effects	0.10651716374424253	-0.08155887360952957	0.2945932010980146	0.01309774123463483	3.7948270986433	0.47296676554380407	TCGA_PAAD:0.01373;GSE71729:0.1666;GSE62452:0.09816
OTX2	3	DerSimonian-Laird_random_effects	0.05557319127198186	-0.10965072232649799	0.22079710487046172	0.005591479414105891	2.6615934450014196	0.2485704367223773	TCGA_PAAD:0.1005;GSE71729:-0.05938;GSE62452:-0.01303
SIX5	3	DerSimonian-Laird_random_effects	0.030016811868039842	-0.07072797154141332	0.130761595277493	0.0	0.050042561309425575	0.0	TCGA_PAAD:0.01916;GSE71729:0.02669;GSE62452:0.03488
SNAI2	3	DerSimonian-Laird_random_effects	0.545909900210191	0.42278164533715223	0.6690381550832298	0.00430788988012097	3.10809690402085	0.3565194195159549	TCGA_PAAD:0.4614;GSE71729:0.5136;GSE62452:0.5769
SNAPC4	2	cohort_specific_only							not_applicable
STAT1	3	DerSimonian-Laird_random_effects	0.19738084238729664	0.0843477355667861	0.3104139492078072	0.0	0.48062414662328967	0.0	TCGA_PAAD:0.1995;GSE71729:0.1619;GSE62452:0.2112
TEAD4	3	DerSimonian-Laird_random_effects	0.1604789236644324	0.05420460766493916	0.2667532396639256	0.0	0.4903500025210752	0.0	TCGA_PAAD:0.1911;GSE71729:0.1533;GSE62452:0.1508
TFAP4	3	DerSimonian-Laird_random_effects	-0.11254614644337796	-0.22411722524217315	-0.0009750676445827583	0.0	0.3635025392019482	0.0	TCGA_PAAD:-0.09207;GSE71729:-0.1089;GSE62452:-0.1327
TP63	3	DerSimonian-Laird_random_effects	0.45691229694006075	0.297514608618764	0.6163099852613575	0.0	0.6355672247401235	0.0	TCGA_PAAD:0.4909;GSE71729:0.496;GSE62452:0.4183
TWIST1	3	DerSimonian-Laird_random_effects	0.3527897764858733	0.202650368112424	0.5029291848593226	0.0077546001370187145	3.5611363750460834	0.4383815194457082	TCGA_PAAD:0.3071;GSE71729:0.2487;GSE62452:0.4129
ZBED1	2	cohort_specific_only							not_applicable
ZBTB11	3	DerSimonian-Laird_random_effects	-0.01158617392641805	-0.11651806604796916	0.09334571819513307	0.0	0.9231204176090722	0.0	TCGA_PAAD:-0.03775;GSE71729:0.01911;GSE62452:-0.0002335
ZBTB7A	3	DerSimonian-Laird_random_effects	-0.01606233608972371	-0.14296775478705076	0.11084308260760334	0.0033326490417567543	2.7135763040177143	0.26296526210123333	TCGA_PAAD:0.03264;GSE71729:-0.07149;GSE62452:-0.01927
ZNF24	3	DerSimonian-Laird_random_effects	-0.22918014136428194	-0.33762564924149047	-0.12073463348707342	0.0	0.2259988336751227	0.0	TCGA_PAAD:-0.256;GSE71729:-0.2314;GSE62452:-0.2277
ZNF384	3	DerSimonian-Laird_random_effects	0.07317094693176991	-0.05319115830937966	0.1995330521729195	0.0	1.119359235524747	0.0	TCGA_PAAD:0.1089;GSE71729:0.02694;GSE62452:0.03158
ZNF639	3	DerSimonian-Laird_random_effects	0.10204825542422613	-0.0788189185310463	0.28291542937949854	0.016421017832976587	5.694527020317674	0.6487855808104623	TCGA_PAAD:0.02638;GSE71729:0.1671;GSE62452:0.1116
ZNF740	3	DerSimonian-Laird_random_effects	-0.013161737317009715	-0.12099817227957876	0.09467469764555933	0.0	0.2002768869441965	0.0	TCGA_PAAD:-0.02195;GSE71729:-0.02979;GSE62452:0.001874
